Year,Team,Rsh TD,Rec TD,Tot TD,2-PT
1970,Cardinals,18,16,37,0
1970,Broncos,17,11,28,0
1970,Bengals,16,12,31,0
1970,Cowboys,16,18,35,0
1970,Lions,16,19,41,0
1970,Vikings,16,12,32,0
1970,Browns,14,17,35,0
1970,Dolphins,14,15,33,0
1970,Steelers,13,12,26,0
1970,49ers,13,25,41,0
1970,Rams,12,17,33,0
1970,Chiefs,11,13,25,0
1970,Patriots,11,7,18,0
1970,Giants,11,19,32,0
1970,Jets,11,14,28,0
1970,Eagles,11,16,28,0
1970,Redskins,11,23,34,0
1970,Oilers,10,12,22,0
1970,Colts,9,23,38,0
1970,Chargers,9,24,34,0
1970,Bills,8,13,25,0
1970,Packers,8,11,22,0
1970,Raiders,7,28,36,0
1970,Falcons,4,18,24,0
1970,Saints,4,11,16,0
1970,Bears,3,21,28,0
1971,Cowboys,25,22,49,0
1971,Colts,23,10,35,0
1971,Browns,19,14,33,0
1971,Raiders,19,21,42,0
1971,Packers,18,12,33,0
1971,Saints,18,12,31,0
1971,Lions,15,17,37,0
1971,Rams,15,18,36,0
1971,Bengals,14,15,31,0
1971,Chiefs,14,15,32,0
1971,Vikings,14,9,24,0
1971,Falcons,12,16,32,0
1971,Jets,12,15,27,0
1971,49ers,12,18,31,0
1971,Dolphins,11,20,33,0
1971,Giants,11,14,28,0
1971,Chargers,11,23,36,0
1971,Oilers,10,12,27,0
1971,Steelers,10,15,28,0
1971,Broncos,9,8,18,0
1971,Cardinals,8,14,24,0
1971,Redskins,8,13,26,0
1971,Patriots,7,19,29,0
1971,Bills,6,12,20,0
1971,Bears,6,12,18,0
1971,Eagles,6,13,23,0
1972,Dolphins,26,17,44,0
1972,Steelers,22,12,36,0
1972,Lions,20,19,40,0
1972,Raiders,20,23,44,0
1972,Jets,18,21,41,0
1972,Cowboys,17,16,35,0
1972,Broncos,17,19,38,0
1972,Packers,17,7,28,0
1972,Rams,17,13,31,0
1972,Redskins,17,21,41,0
1972,Falcons,16,13,30,0
1972,Bengals,16,10,31,0
1972,Giants,16,20,39,0
1972,Bears,15,9,27,0
1972,Browns,13,13,28,0
1972,Patriots,13,10,24,0
1972,Chargers,12,15,30,0
1972,Bills,11,16,30,0
1972,Vikings,11,19,32,0
1972,49ers,11,27,42,0
1972,Colts,10,15,28,0
1972,Cardinals,9,11,21,0
1972,Oilers,7,10,18,0
1972,Chiefs,6,20,32,0
1972,Saints,5,18,24,0
1972,Eagles,2,10,12,0
1973,Bills,20,4,28,0
1973,Falcons,18,14,34,0
1973,Rams,18,22,42,0
1973,Cowboys,17,26,46,0
1973,Lions,17,12,30,0
1973,Broncos,16,22,40,0
1973,Dolphins,16,17,37,0
1973,Patriots,15,13,31,0
1973,49ers,15,9,25,0
1973,Raiders,14,16,31,0
1973,Vikings,14,16,32,0
1973,Bengals,13,18,31,0
1973,Cardinals,13,16,31,0
1973,Browns,12,10,23,0
1973,Steelers,12,20,36,0
1973,Bears,11,8,21,0
1973,Chiefs,11,10,22,0
1973,Giants,11,14,25,0
1973,Packers,10,7,20,0
1973,Oilers,9,11,22,0
1973,Colts,9,14,26,0
1973,Eagles,9,23,33,0
1973,Chargers,9,9,21,0
1973,Redskins,9,20,35,0
1973,Jets,7,16,26,0
1973,Saints,5,11,16,0
1974,Dolphins,25,18,43,0
1974,Cowboys,22,14,38,0
1974,Patriots,21,19,43,0
1974,Broncos,20,18,39,0
1974,Steelers,19,12,34,0
1974,Vikings,17,22,39,0
1974,Oilers,16,12,29,0
1974,Rams,16,16,35,0
1974,Raiders,15,28,44,0
1974,Chargers,15,12,27,0
1974,Bengals,14,18,35,0
1974,Browns,14,12,29,0
1974,Lions,13,11,27,0
1974,Colts,13,9,22,0
1974,Eagles,13,14,28,0
1974,Jets,12,20,36,0
1974,Cardinals,12,20,35,0
1974,Bills,11,14,29,0
1974,Giants,11,12,23,0
1974,Redskins,11,22,37,0
1974,Bears,10,8,18,0
1974,Packers,10,5,18,0
1974,Chiefs,10,11,26,0
1974,49ers,10,15,27,0
1974,Saints,9,10,20,0
1974,Falcons,6,4,12,0
1975,Colts,28,19,51,0
1975,Raiders,28,19,48,0
1975,Bills,26,28,56,0
1975,Dolphins,26,19,46,0
1975,Steelers,22,21,45,0
1975,Bengals,20,23,45,0
1975,Cardinals,19,20,43,0
1975,Rams,18,14,36,0
1975,Vikings,18,27,46,0
1975,Cowboys,17,19,41,0
1975,Giants,17,11,29,0
1975,Jets,15,16,32,0
1975,Browns,14,7,22,0
1975,Packers,14,11,26,0
1975,Oilers,14,14,32,0
1975,Chiefs,14,15,30,0
1975,Patriots,14,16,32,0
1975,Chargers,14,7,22,0
1975,Falcons,12,18,33,0
1975,49ers,12,15,29,0
1975,Bears,11,9,22,0
1975,Lions,10,15,28,0
1975,Broncos,9,15,27,0
1975,Saints,9,8,17,0
1975,Redskins,9,28,38,0
1975,Eagles,3,19,24,0
1976,Steelers,33,10,43,0
1976,Colts,26,24,50,0
1976,Patriots,24,18,48,0
1976,Rams,23,17,44,0
1976,Bears,20,9,31,0
1976,Chiefs,18,15,33,0
1976,Vikings,18,17,36,0
1976,Cardinals,17,18,36,0
1976,Cowboys,16,17,34,0
1976,Saints,16,8,27,0
1976,Bengals,15,21,40,0
1976,Packers,15,10,27,0
1976,Dolphins,15,15,31,0
1976,Broncos,14,15,37,0
1976,Raiders,14,33,47,0
1976,49ers,14,15,31,0
1976,Seahawks,14,13,29,0
1976,Chargers,13,17,32,0
1976,Bills,11,16,29,0
1976,Giants,11,9,21,0
1976,Falcons,10,10,20,0
1976,Jets,10,7,19,0
1976,Redskins,10,20,31,0
1976,Browns,9,21,31,0
1976,Lions,9,20,32,0
1976,Eagles,8,11,19,0
1976,Oilers,6,17,24,0
1976,Buccaneers,5,9,14,0
1977,Cowboys,21,18,41,0
1977,Raiders,20,21,41,0
1977,Steelers,20,17,37,0
1977,Rams,19,16,36,0
1977,Cardinals,19,14,35,0
1977,Bears,18,11,31,0
1977,Dolphins,18,22,41,0
1977,Colts,17,17,34,0
1977,Broncos,16,15,34,0
1977,49ers,16,9,27,0
1977,Oilers,15,14,33,0
1977,Saints,14,13,30,0
1977,Chiefs,13,11,26,0
1977,Patriots,13,17,33,0
1977,Seahawks,12,23,37,0
1977,Lions,11,7,22,0
1977,Giants,11,6,20,0
1977,Bengals,10,12,26,0
1977,Eagles,10,18,29,0
1977,Chargers,10,11,24,0
1977,Falcons,9,8,19,0
1977,Browns,9,19,31,0
1977,Vikings,9,19,29,0
1977,Jets,6,14,21,0
1977,Packers,5,6,14,0
1977,Buccaneers,4,3,10,0
1977,Redskins,4,15,19,0
1977,Bills,3,12,18,0
1978,Patriots,30,15,46,0
1978,Seahawks,28,15,44,0
1978,Cowboys,22,25,48,0
1978,Jets,21,19,42,0
1978,Bears,19,7,29,0
1978,Oilers,19,16,35,0
1978,Chiefs,19,7,26,0
1978,Raiders,18,16,37,0
1978,Dolphins,18,24,44,0
1978,Browns,17,22,40,0
1978,Saints,17,17,35,0
1978,Packers,16,11,31,0
1978,Eagles,16,16,35,0
1978,Steelers,16,28,45,0
1978,Chargers,16,26,44,0
1978,Buccaneers,16,12,29,0
1978,Bills,15,21,39,0
1978,Broncos,15,17,34,0
1978,Cardinals,14,16,31,0
1978,49ers,14,9,25,0
1978,Falcons,13,11,27,0
1978,Lions,12,19,32,0
1978,Rams,12,13,32,0
1978,Giants,12,13,28,0
1978,Bengals,10,14,28,0
1978,Vikings,10,25,36,0
1978,Redskins,10,17,30,0
1978,Colts,9,17,30,0
1979,Saints,28,16,46,0
1979,Steelers,25,26,52,0
1979,Chargers,25,24,51,0
1979,Oilers,24,17,42,0
1979,Cardinals,24,12,38,0
1979,Seahawks,24,20,45,0
1979,Bengals,23,17,41,0
1979,Jets,23,16,42,0
1979,Dolphins,19,20,40,0
1979,Chiefs,18,7,29,0
1979,Bears,17,16,37,0
1979,Eagles,17,21,39,0
1979,49ers,17,18,36,0
1979,Redskins,17,20,38,0
1979,Browns,16,28,45,0
1979,Rams,16,19,40,0
1979,Patriots,16,30,49,0
1979,Falcons,15,19,37,0
1979,Cowboys,15,29,44,0
1979,Packers,14,15,30,0
1979,Broncos,13,18,33,0
1979,Raiders,13,27,44,0
1979,Buccaneers,13,19,33,0
1979,Colts,12,18,33,0
1979,Giants,12,15,29,0
1979,Bills,11,14,29,0
1979,Lions,11,14,26,0
1979,Vikings,9,23,32,0
1980,Cowboys,26,30,59,0
1980,Bears,22,13,37,0
1980,Lions,21,13,36,0
1980,Colts,20,25,46,0
1980,Patriots,19,27,50,0
1980,Eagles,19,28,47,0
1980,Cardinals,19,16,37,0
1980,Oilers,18,15,33,0
1980,Chargers,18,30,50,0
1980,Bills,17,20,40,0
1980,Rams,17,31,54,0
1980,Jets,17,17,36,0
1980,Broncos,16,14,32,0
1980,Falcons,15,31,47,0
1980,Browns,15,30,45,0
1980,Chiefs,15,15,34,0
1980,Steelers,15,26,42,0
1980,Raiders,14,23,41,0
1980,Vikings,14,22,39,0
1980,Packers,13,15,29,0
1980,Seahawks,13,18,33,0
1980,Redskins,12,17,30,0
1980,Giants,10,19,29,0
1980,49ers,10,27,40,0
1980,Bengals,9,17,28,0
1980,Dolphins,9,21,31,0
1980,Saints,9,26,36,0
1980,Buccaneers,9,20,30,0
1981,Lions,26,18,46,0
1981,Chargers,26,34,61,0
1981,Patriots,23,17,40,0
1981,Chiefs,22,12,35,0
1981,Steelers,21,25,47,0
1981,Cardinals,20,15,37,0
1981,Bengals,19,30,50,0
1981,Redskins,19,19,42,0
1981,Dolphins,18,18,38,0
1981,Rams,17,15,35,0
1981,Eagles,17,25,42,0
1981,49ers,17,20,42,0
1981,Saints,16,8,24,0
1981,Falcons,15,30,49,0
1981,Cowboys,15,24,39,0
1981,Seahawks,14,21,38,0
1981,Bills,13,25,38,0
1981,Bears,13,14,31,0
1981,Buccaneers,13,20,37,0
1981,Broncos,12,27,39,0
1981,Browns,11,21,32,0
1981,Packers,11,24,37,0
1981,Oilers,11,21,34,0
1981,Colts,11,21,33,0
1981,Raiders,11,18,31,0
1981,Giants,11,16,29,0
1981,Jets,11,26,40,0
1981,Vikings,8,27,36,0
1982,Raiders,15,14,32,0
1982,Chargers,15,19,34,0
1982,Bengals,13,12,27,0
1982,Rams,13,11,25,0
1982,Jets,13,16,31,0
1982,Falcons,12,9,21,0
1982,Packers,12,12,26,0
1982,Dolphins,11,8,22,0
1982,Eagles,11,12,24,0
1982,Cowboys,10,16,27,0
1982,Cardinals,10,6,16,0
1982,Bills,9,8,18,0
1982,Saints,8,8,16,0
1982,Browns,7,9,17,0
1982,Giants,7,10,18,0
1982,Steelers,7,17,25,0
1982,Broncos,6,8,16,0
1982,Vikings,6,15,22,0
1982,49ers,6,17,25,0
1982,Buccaneers,6,9,15,0
1982,Bears,5,10,16,0
1982,Lions,5,12,19,0
1982,Oilers,5,12,17,0
1982,Redskins,5,13,19,0
1982,Colts,4,6,12,0
1982,Seahawks,4,9,14,0
1982,Chiefs,3,10,17,0
1982,Patriots,3,12,17,0
1983,Redskins,30,29,61,0
1983,Bengals,24,14,42,0
1983,Cowboys,21,31,57,0
1983,Rams,20,23,47,0
1983,Patriots,19,16,36,0
1983,Saints,19,14,38,0
1983,Seahawks,19,25,48,0
1983,Lions,18,19,38,0
1983,Raiders,18,31,53,0
1983,Falcons,17,24,44,0
1983,Vikings,17,15,33,0
1983,Steelers,17,15,36,0
1983,49ers,17,27,50,0
1983,Oilers,16,16,34,0
1983,Dolphins,16,28,48,0
1983,Chargers,16,27,45,0
1983,Broncos,15,17,33,0
1983,Packers,15,33,50,0
1983,Cardinals,15,29,44,0
1983,Bears,14,21,38,0
1983,Browns,13,27,42,0
1983,Chiefs,13,29,44,0
1983,Jets,11,21,37,0
1983,Colts,10,12,23,0
1983,Giants,9,12,22,0
1983,Buccaneers,9,18,30,0
1983,Eagles,5,22,27,0
1983,Bills,4,30,35,0
1984,Bears,22,14,37,0
1984,Cardinals,21,28,50,0
1984,49ers,21,32,56,0
1984,Redskins,20,24,49,0
1984,Raiders,19,21,43,0
1984,Bengals,18,17,39,0
1984,Packers,18,30,51,0
1984,Dolphins,18,49,69,0
1984,Chargers,18,25,48,0
1984,Jets,17,20,38,0
1984,Buccaneers,17,22,40,0
1984,Falcons,16,14,31,0
1984,Rams,16,16,38,0
1984,Patriots,15,26,42,0
1984,Lions,13,19,32,0
1984,Oilers,13,14,27,0
1984,Colts,13,13,28,0
1984,Steelers,13,25,43,0
1984,Cowboys,12,19,33,0
1984,Broncos,12,22,38,0
1984,Chiefs,12,21,35,0
1984,Giants,12,22,34,0
1984,Browns,10,14,25,0
1984,Vikings,10,18,29,0
1984,Seahawks,10,32,50,0
1984,Bills,9,18,29,0
1984,Saints,9,21,33,0
1984,Eagles,6,19,27,0
1985,Bears,27,17,50,0
1985,Giants,24,22,48,0
1985,Colts,22,15,38,0
1985,Bengals,20,31,53,0
1985,Broncos,20,23,45,0
1985,Chargers,20,37,60,0
1985,49ers,20,28,50,0
1985,Redskins,20,13,33,0
1985,Dolphins,19,31,51,0
1985,Vikings,19,22,42,0
1985,Raiders,18,20,42,0
1985,Jets,18,25,44,0
1985,Browns,16,17,35,0
1985,Packers,16,21,39,0
1985,Rams,15,16,39,0
1985,Patriots,15,20,38,0
1985,Falcons,14,13,29,0
1985,Cardinals,14,19,34,0
1985,Steelers,14,23,40,0
1985,Bills,13,9,22,0
1985,Lions,13,19,33,0
1985,Oilers,13,18,32,0
1985,Cowboys,11,27,43,0
1985,Buccaneers,11,22,33,0
1985,Chiefs,10,23,34,0
1985,Seahawks,9,28,43,0
1985,Eagles,8,19,30,0
1985,Saints,4,20,27,0
1986,Bengals,24,25,50,0
1986,Redskins,23,22,45,0
1986,Bears,21,12,37,0
1986,Cowboys,21,21,43,0
1986,Browns,20,18,44,0
1986,Chargers,19,21,41,0
1986,Giants,18,22,42,0
1986,Steelers,18,16,35,0
1986,Broncos,17,22,43,0
1986,Rams,16,15,36,0
1986,Jets,16,27,45,0
1986,49ers,16,21,43,0
1986,Saints,15,13,30,0
1986,Seahawks,15,24,43,0
1986,Vikings,14,31,48,0
1986,Lions,13,18,32,0
1986,Oilers,13,14,28,0
1986,Falcons,12,14,28,0
1986,Buccaneers,12,13,25,0
1986,Colts,10,16,27,0
1986,Chiefs,10,23,42,0
1986,Patriots,10,29,43,0
1986,Bills,9,22,33,0
1986,Dolphins,9,46,56,0
1986,Packers,8,18,29,0
1986,Eagles,8,19,28,0
1986,Cardinals,8,17,27,0
1986,Raiders,6,27,36,0
1987,Vikings,20,21,42,0
1987,Saints,20,23,46,0
1987,Broncos,18,24,45,0
1987,Redskins,18,27,46,0
1987,Cowboys,17,19,38,0
1987,Jets,17,18,38,0
1987,Browns,16,27,45,0
1987,Dolphins,16,29,45,0
1987,Rams,15,16,37,0
1987,Cardinals,15,25,42,0
1987,Colts,14,16,30,0
1987,Bears,13,23,42,0
1987,Bengals,13,17,30,0
1987,Packers,13,15,28,0
1987,Raiders,13,19,35,0
1987,Seahawks,13,31,46,0
1987,Oilers,12,24,37,0
1987,Patriots,12,22,38,0
1987,Eagles,12,26,38,0
1987,Steelers,11,13,29,0
1987,Chargers,11,13,28,0
1987,49ers,11,44,59,0
1987,Bills,9,21,30,0
1987,Lions,9,16,26,0
1987,Chiefs,7,17,29,0
1987,Buccaneers,7,22,31,0
1987,Falcons,5,17,23,0
1987,Giants,4,26,32,0
1988,Bengals,27,28,57,0
1988,Oilers,26,21,51,0
1988,Bears,25,13,38,0
1988,Colts,23,15,40,0
1988,Vikings,22,20,47,0
1988,Jets,19,20,43,0
1988,49ers,18,21,41,0
1988,Patriots,17,12,31,0
1988,Eagles,17,25,44,0
1988,Steelers,17,15,36,0
1988,Rams,16,31,48,0
1988,Bills,15,15,32,0
1988,Raiders,15,21,38,0
1988,Giants,15,22,40,0
1988,Cardinals,15,26,41,0
1988,Packers,14,13,29,0
1988,Seahawks,14,22,38,0
1988,Broncos,13,24,37,0
1988,Falcons,11,13,25,0
1988,Dolphins,11,29,40,0
1988,Chargers,11,11,26,0
1988,Buccaneers,11,16,28,0
1988,Browns,10,19,32,0
1988,Cowboys,10,21,32,0
1988,Saints,9,21,33,0
1988,Chiefs,8,16,24,0
1988,Redskins,8,33,41,0
1988,Lions,7,13,22,0
1989,Lions,23,11,36,0
1989,Bears,22,21,45,0
1989,Rams,19,29,51,0
1989,Saints,19,23,46,0
1989,Chiefs,18,14,33,0
1989,Bengals,17,32,51,0
1989,Giants,17,17,37,0
1989,Steelers,17,10,28,0
1989,Oilers,16,23,41,0
1989,Bills,15,32,49,0
1989,Broncos,15,21,38,0
1989,Browns,14,20,39,0
1989,Eagles,14,23,39,0
1989,49ers,14,35,50,0
1989,Redskins,14,24,42,0
1989,Packers,13,27,42,0
1989,Chargers,13,15,29,0
1989,Vikings,12,17,32,0
1989,Patriots,12,17,30,0
1989,Falcons,11,17,29,0
1989,Colts,11,18,34,0
1989,Jets,11,14,28,0
1989,Dolphins,10,26,39,0
1989,Cardinals,10,17,29,0
1989,Buccaneers,10,23,36,0
1989,Raiders,9,21,33,0
1989,Cowboys,7,14,22,0
1989,Seahawks,5,21,27,0
1990,Bears,22,14,38,0
1990,Bills,20,28,52,0
1990,Raiders,20,19,40,0
1990,Broncos,19,15,35,0
1990,Lions,19,24,44,0
1990,Seahawks,18,15,33,0
1990,Rams,17,24,43,0
1990,Giants,17,18,38,0
1990,Bengals,16,25,43,0
1990,Jets,16,14,31,0
1990,Redskins,16,22,40,0
1990,Saints,14,15,30,0
1990,Chargers,14,18,34,0
1990,Cowboys,13,12,27,0
1990,Dolphins,13,21,37,0
1990,Cardinals,13,16,31,0
1990,49ers,12,28,40,0
1990,Falcons,11,21,38,0
1990,Chiefs,11,23,37,0
1990,Steelers,11,20,33,0
1990,Browns,10,13,26,0
1990,Oilers,10,37,48,0
1990,Vikings,10,25,37,0
1990,Eagles,10,34,47,0
1990,Colts,9,22,32,0
1990,Buccaneers,7,18,28,0
1990,Packers,5,20,28,0
1990,Patriots,4,14,18,0
1991,Redskins,21,30,56,0
1991,Lions,19,16,39,0
1991,49ers,19,29,49,0
1991,Bears,18,16,35,0
1991,Vikings,18,16,36,0
1991,Jets,17,12,32,0
1991,Bills,16,39,57,0
1991,Broncos,16,13,31,0
1991,Oilers,16,24,43,0
1991,Giants,16,13,30,0
1991,Chargers,16,13,31,0
1991,Cowboys,15,16,36,0
1991,Saints,15,20,38,0
1991,Chiefs,14,19,33,0
1991,Browns,12,19,34,0
1991,Packers,12,17,30,0
1991,Bengals,11,14,27,0
1991,Rams,11,13,25,0
1991,Seahawks,11,15,29,0
1991,Patriots,9,11,22,0
1991,Buccaneers,9,13,22,0
1991,Raiders,8,20,29,0
1991,Dolphins,8,26,34,0
1991,Eagles,8,17,26,0
1991,Steelers,8,20,32,0
1991,Falcons,6,30,38,0
1991,Cardinals,6,10,17,0
1991,Colts,3,10,14,0
1992,49ers,22,29,53,0
1992,Cowboys,20,23,47,0
1992,Giants,20,14,36,0
1992,Vikings,19,18,43,0
1992,Eagles,19,20,43,0
1992,Bills,18,23,43,0
1992,Chargers,18,16,36,0
1992,Bears,15,17,33,0
1992,Chiefs,14,15,38,0
1992,Steelers,13,15,30,0
1992,Rams,12,23,38,0
1992,Buccaneers,12,17,30,0
1992,Bengals,11,16,29,0
1992,Broncos,11,16,28,0
1992,Cardinals,11,15,29,0
1992,Oilers,10,27,38,0
1992,Saints,10,19,32,0
1992,Redskins,10,15,29,0
1992,Lions,9,16,29,0
1992,Dolphins,9,24,36,0
1992,Colts,8,13,24,0
1992,Jets,8,12,23,0
1992,Browns,7,18,27,0
1992,Packers,7,20,29,0
1992,Raiders,7,20,29,0
1992,Patriots,6,13,23,0
1992,Seahawks,4,9,13,0
1992,Falcons,3,33,38,0
1993,49ers,26,29,60,0
1993,Cowboys,20,18,41,0
1993,Packers,14,19,34,0
1993,Chiefs,14,20,35,0
1993,Jets,14,16,31,0
1993,Chargers,14,18,33,0
1993,Broncos,13,27,42,0
1993,Steelers,13,16,30,0
1993,Seahawks,13,13,27,0
1993,Bills,12,20,36,0
1993,Cardinals,12,21,35,0
1993,Oilers,11,23,37,0
1993,Giants,11,17,30,0
1993,Redskins,11,11,24,0
1993,Bears,10,7,20,0
1993,Raiders,10,17,29,0
1993,Dolphins,10,27,40,0
1993,Saints,10,18,31,0
1993,Lions,9,15,26,0
1993,Patriots,9,17,26,0
1993,Browns,8,23,35,0
1993,Rams,8,16,24,0
1993,Vikings,8,18,28,0
1993,Eagles,7,23,34,0
1993,Buccaneers,6,19,27,0
1993,Falcons,4,28,33,0
1993,Colts,4,10,14,0
1993,Bengals,3,11,16,0
1994,Cowboys,26,19,50,0
1994,49ers,23,37,65,0
1994,Broncos,19,18,37,0
1994,Seahawks,16,13,32,3
1994,Colts,15,15,35,0
1994,Steelers,15,17,34,0
1994,Bills,14,23,37,0
1994,Eagles,14,18,35,0
1994,Dolphins,13,31,45,3
1994,Chargers,13,20,40,2
1994,Browns,12,20,37,3
1994,Lions,12,24,42,0
1994,Chiefs,12,20,34,1
1994,Patriots,12,25,38,0
1994,Giants,12,16,30,1
1994,Cardinals,12,11,24,1
1994,Packers,11,33,47,0
1994,Vikings,11,18,34,1
1994,Saints,11,22,36,0
1994,Bears,10,19,30,0
1994,Oilers,10,13,25,0
1994,Falcons,8,25,35,0
1994,Jets,8,18,29,0
1994,Buccaneers,8,17,26,1
1994,Raiders,7,22,32,1
1994,Rams,6,23,31,2
1994,Bengals,5,21,27,2
1994,Redskins,5,25,35,1
1995,Cowboys,29,18,51,0
1995,Seahawks,20,19,40,0
1995,Eagles,19,11,32,0
1995,49ers,19,29,55,1
1995,Buccaneers,19,5,25,0
1995,Giants,17,11,32,1
1995,Steelers,17,21,42,1
1995,Lions,16,33,49,0
1995,Dolphins,16,28,45,0
1995,Patriots,16,14,31,1
1995,Bears,15,29,46,0
1995,Redskins,15,16,34,0
1995,Broncos,14,27,41,1
1995,Colts,14,20,36,0
1995,Chiefs,14,21,40,0
1995,Chargers,14,17,35,0
1995,Oilers,12,22,38,2
1995,Saints,11,26,38,0
1995,Bills,10,24,37,0
1995,Panthers,10,16,29,0
1995,Raiders,10,25,38,0
1995,Vikings,10,33,46,1
1995,Packers,9,39,48,0
1995,Jaguars,9,19,31,0
1995,Falcons,8,26,38,0
1995,Bengals,7,29,37,1
1995,Browns,5,21,29,1
1995,Rams,5,27,34,0
1995,Cardinals,3,17,26,0
1995,Jets,2,20,25,0
1996,Redskins,27,12,40,0
1996,Broncos,20,26,47,0
1996,Steelers,18,15,37,0
1996,49ers,17,24,42,1
1996,Eagles,16,19,38,0
1996,Seahawks,16,14,33,4
1996,Lions,15,20,37,0
1996,Chiefs,15,18,34,0
1996,Patriots,15,27,46,0
1996,Bills,14,18,34,1
1996,Bengals,14,25,42,1
1996,Cowboys,14,12,26,0
1996,Dolphins,14,22,41,0
1996,Jaguars,13,19,33,2
1996,Oilers,12,22,35,0
1996,Ravens,10,34,45,2
1996,Rams,10,18,34,2
1996,Saints,10,13,23,2
1996,Falcons,9,26,35,0
1996,Panthers,9,22,33,1
1996,Bears,9,19,29,0
1996,Packers,9,39,56,0
1996,Colts,9,16,30,0
1996,Jets,8,22,32,0
1996,Cardinals,8,23,32,1
1996,Buccaneers,8,12,21,0
1996,Raiders,7,28,37,0
1996,Vikings,7,24,33,0
1996,Chargers,7,23,32,0
1996,Giants,4,14,23,0
1997,Bengals,23,21,45,0
1997,Jaguars,20,20,42,0
1997,Lions,19,19,41,0
1997,Steelers,19,22,43,0
1997,Broncos,18,27,53,3
1997,Dolphins,18,16,35,0
1997,Oilers,17,15,34,1
1997,49ers,16,20,39,1
1997,Chiefs,15,20,41,0
1997,Rams,15,14,31,0
1997,Buccaneers,15,21,38,0
1997,Bears,14,14,28,2
1997,Vikings,14,26,40,3
1997,Giants,14,16,35,0
1997,Seahawks,13,26,40,1
1997,Bills,12,14,26,0
1997,Redskins,12,22,39,0
1997,Panthers,11,17,28,1
1997,Eagles,11,22,35,0
1997,Colts,10,16,29,0
1997,Jets,10,20,38,0
1997,Packers,9,35,47,0
1997,Raiders,9,29,39,0
1997,Saints,9,13,23,0
1997,Cardinals,9,19,32,1
1997,Falcons,8,26,36,0
1997,Ravens,7,25,35,0
1997,Cowboys,6,19,27,0
1997,Patriots,6,31,42,0
1997,Chargers,5,12,25,0
1998,Broncos,26,32,62,0
1998,Cowboys,21,17,41,0
1998,Jaguars,19,24,45,0
1998,Chiefs,19,15,34,0
1998,49ers,19,41,61,0
1998,Falcons,18,28,49,1
1998,Cardinals,18,17,36,0
1998,Rams,17,12,32,3
1998,Vikings,17,41,62,1
1998,Redskins,15,24,40,0
1998,Bills,13,28,42,0
1998,Lions,12,17,32,0
1998,Oilers,12,16,30,1
1998,Jets,12,33,47,0
1998,Buccaneers,12,21,36,0
1998,Panthers,11,25,40,1
1998,Chargers,11,11,23,1
1998,Seahawks,11,21,43,1
1998,Dolphins,10,23,37,0
1998,Giants,10,18,32,0
1998,Eagles,10,7,17,0
1998,Bears,9,16,29,0
1998,Patriots,9,23,35,1
1998,Steelers,8,13,26,0
1998,Ravens,7,16,29,0
1998,Bengals,7,20,30,1
1998,Packers,7,33,44,0
1998,Colts,7,26,33,1
1998,Raiders,6,21,33,0
1998,Saints,6,19,31,0
1999,Redskins,23,26,53,1
1999,Jaguars,20,16,41,1
1999,Titans,19,23,44,0
1999,Raiders,18,24,44,0
1999,Cowboys,16,20,41,0
1999,Colts,15,26,45,0
1999,Chiefs,14,22,43,0
1999,Steelers,14,19,33,0
1999,49ers,14,14,30,0
1999,Broncos,13,16,31,1
1999,Packers,13,23,38,0
1999,Rams,13,42,65,1
1999,Vikings,13,32,49,0
1999,Cardinals,13,11,27,0
1999,Bills,12,21,34,1
1999,Panthers,12,36,50,0
1999,Bengals,11,18,33,0
1999,Giants,11,17,31,2
1999,Chargers,10,12,23,0
1999,Falcons,9,22,34,0
1999,Ravens,9,21,34,1
1999,Browns,9,19,28,1
1999,Patriots,9,19,30,0
1999,Saints,9,16,25,0
1999,Lions,8,22,32,0
1999,Dolphins,8,20,29,0
1999,Jets,7,22,32,0
1999,Buccaneers,7,18,27,0
1999,Eagles,5,18,29,1
1999,Seahawks,5,25,34,0
1999,Bears,4,25,30,1
2000,Rams,26,37,66,2
2000,Raiders,23,28,57,1
2000,Broncos,21,28,56,1
2000,Steelers,19,12,33,1
2000,Jaguars,18,22,40,0
2000,Buccaneers,18,18,42,1
2000,Dolphins,16,15,32,0
2000,Giants,16,22,39,0
2000,Cowboys,15,14,31,0
2000,Lions,15,14,33,3
2000,49ers,15,32,49,1
2000,Titans,14,18,37,0
2000,Colts,14,33,49,1
2000,Vikings,14,33,47,0
2000,Saints,14,22,40,1
2000,Redskins,14,18,32,0
2000,Bengals,13,6,21,0
2000,Packers,13,21,36,0
2000,Eagles,13,21,38,0
2000,Chiefs,12,29,44,0
2000,Bills,11,20,34,1
2000,Jets,11,23,36,0
2000,Seahawks,10,21,35,0
2000,Ravens,9,20,32,1
2000,Patriots,9,18,28,1
2000,Panthers,7,19,31,1
2000,Browns,7,9,17,0
2000,Chargers,7,19,31,0
2000,Falcons,6,14,25,1
2000,Bears,6,12,22,0
2000,Cardinals,6,16,23,0
2001,Rams,20,37,61,1
2001,Steelers,17,16,35,0
2001,Buccaneers,17,13,34,1
2001,Colts,16,27,46,1
2001,Chiefs,16,17,34,1
2001,49ers,16,32,50,0
2001,Patriots,15,21,43,0
2001,Seahawks,15,15,33,0
2001,Raiders,14,27,45,1
2001,Dolphins,14,20,40,1
2001,Chargers,13,16,33,0
2001,Bears,12,20,35,1
2001,Titans,12,23,38,0
2001,Ravens,11,18,30,0
2001,Bengals,11,12,24,0
2001,Packers,11,32,46,0
2001,Jaguars,11,20,32,0
2001,Giants,11,19,31,2
2001,Jets,11,17,32,0
2001,Vikings,10,23,34,2
2001,Cardinals,10,18,31,1
2001,Redskins,10,13,25,1
2001,Falcons,9,19,29,0
2001,Bills,9,18,31,0
2001,Panthers,9,12,26,0
2001,Browns,8,18,30,1
2001,Cowboys,8,14,26,0
2001,Lions,8,18,29,1
2001,Saints,8,27,35,0
2001,Broncos,7,26,35,1
2001,Eagles,6,27,36,0
2002,Chiefs,26,27,56,1
2002,Vikings,26,19,46,1
2002,Dolphins,24,18,43,0
2002,Falcons,23,18,43,0
2002,Broncos,21,21,44,0
2002,Raiders,21,26,53,0
2002,Jaguars,19,18,38,1
2002,Chargers,19,17,37,0
2002,Bills,17,24,43,0
2002,Seahawks,17,19,40,1
2002,Titans,16,22,41,2
2002,Saints,16,27,47,2
2002,49ers,16,23,41,1
2002,Eagles,15,27,45,1
2002,Steelers,15,26,43,0
2002,Giants,14,19,34,0
2002,Bengals,13,17,33,0
2002,Packers,12,29,45,0
2002,Colts,12,27,40,1
2002,Jets,12,25,41,1
2002,Panthers,11,15,29,1
2002,Rams,11,24,36,0
2002,Browns,10,27,40,1
2002,Cardinals,10,18,31,0
2002,Redskins,10,24,36,0
2002,Ravens,9,20,36,1
2002,Lions,9,19,32,0
2002,Patriots,9,28,42,1
2002,Bears,8,22,30,0
2002,Cowboys,7,14,26,0
2002,Texans,6,11,21,0
2002,Buccaneers,6,23,34,0
2003,Chiefs,32,24,63,0
2003,Eagles,23,17,43,0
2003,Broncos,20,19,42,1
2003,Rams,19,23,45,0
2003,Ravens,18,16,41,0
2003,Packers,18,32,52,0
2003,Falcons,17,14,35,0
2003,Seahawks,17,27,46,0
2003,Colts,16,29,47,0
2003,Chargers,16,21,38,0
2003,49ers,16,25,44,0
2003,Raiders,15,9,29,0
2003,Vikings,15,32,51,0
2003,Texans,14,14,29,0
2003,Dolphins,14,17,34,0
2003,Bills,13,11,26,0
2003,Bears,13,12,29,2
2003,Jaguars,13,17,30,0
2003,Bengals,12,26,39,0
2003,Cowboys,11,17,31,0
2003,Titans,11,30,46,2
2003,Saints,11,25,39,0
2003,Steelers,10,19,33,1
2003,Panthers,9,19,33,0
2003,Patriots,9,23,38,0
2003,Browns,8,17,27,0
2003,Jets,8,20,29,0
2003,Redskins,8,21,30,0
2003,Giants,6,16,24,2
2003,Lions,5,17,26,0
2003,Cardinals,5,18,25,1
2003,Buccaneers,5,27,35,0
2004,Chiefs,31,27,61,0
2004,Chargers,24,29,55,0
2004,Falcons,20,15,40,0
2004,Giants,18,12,32,0
2004,Seahawks,17,23,43,0
2004,Texans,16,16,34,1
2004,Steelers,16,20,39,0
2004,Bills,15,21,46,0
2004,Patriots,15,29,46,1
2004,Saints,15,21,39,0
2004,Jets,15,19,37,0
2004,Cardinals,15,14,30,1
2004,Bengals,14,23,41,0
2004,Cowboys,14,19,33,0
2004,Broncos,13,27,42,0
2004,Titans,12,27,40,1
2004,Ravens,11,13,32,0
2004,Rams,11,23,34,3
2004,Panthers,10,29,41,0
2004,Bears,10,9,25,1
2004,Colts,10,51,65,1
2004,Raiders,10,24,35,0
2004,Dolphins,10,19,30,0
2004,Eagles,10,32,44,0
2004,49ers,10,16,27,1
2004,Packers,9,36,47,0
2004,Jaguars,9,17,26,0
2004,Buccaneers,9,24,35,0
2004,Vikings,8,39,49,1
2004,Lions,7,19,32,0
2004,Browns,6,21,29,0
2004,Redskins,6,18,26,0
2005,Seahawks,29,25,56,0
2005,Chiefs,26,17,45,0
2005,Broncos,25,18,46,0
2005,Chargers,22,27,51,0
2005,Steelers,21,21,44,0
2005,Colts,18,31,51,0
2005,Jaguars,18,21,42,1
2005,Falcons,17,19,37,0
2005,Panthers,17,25,44,0
2005,Giants,17,24,44,1
2005,Patriots,16,28,46,1
2005,Bengals,15,32,48,0
2005,Redskins,15,25,43,0
2005,Cowboys,13,23,38,0
2005,Rams,13,23,40,1
2005,Buccaneers,13,17,30,1
2005,Bears,11,11,28,0
2005,Packers,11,20,34,0
2005,Raiders,11,21,32,1
2005,Dolphins,11,22,33,0
2005,Eagles,11,21,34,0
2005,Lions,10,15,27,0
2005,Vikings,10,18,33,0
2005,Jets,10,11,24,0
2005,Texans,9,15,26,0
2005,49ers,9,8,22,0
2005,Titans,8,20,31,0
2005,Saints,8,15,23,0
2005,Bills,6,18,26,0
2005,Ravens,5,17,23,1
2005,Browns,4,15,22,0
2005,Cardinals,2,21,26,2
2006,Chargers,32,24,56,0
2006,Jaguars,23,17,42,0
2006,Cowboys,21,26,51,1
2006,Patriots,20,25,46,0
2006,Saints,19,27,49,0
2006,Colts,17,31,49,0
2006,Chiefs,17,18,37,0
2006,Steelers,16,23,42,0
2006,Titans,15,13,33,2
2006,Jets,15,17,34,0
2006,Bears,14,24,45,0
2006,Bengals,14,28,43,0
2006,Giants,14,24,41,0
2006,Texans,13,14,28,1
2006,Rams,13,24,38,0
2006,Eagles,13,31,48,0
2006,Redskins,13,19,34,0
2006,Broncos,12,20,34,0
2006,Vikings,12,13,30,0
2006,Cardinals,12,17,31,0
2006,49ers,12,16,29,0
2006,Ravens,11,21,37,0
2006,Falcons,9,21,31,0
2006,Bills,9,19,31,0
2006,Lions,9,21,31,0
2006,Packers,9,18,31,0
2006,Seahawks,8,26,36,0
2006,Panthers,7,19,28,0
2006,Browns,7,15,24,0
2006,Dolphins,7,16,25,0
2006,Buccaneers,6,14,23,0
2006,Raiders,5,7,14,0
2007,Vikings,22,12,41,3
2007,Colts,19,32,53,1
2007,Chargers,19,22,46,0
2007,Jaguars,18,28,49,1
2007,Titans,17,9,28,0
2007,Patriots,17,50,72,1
2007,Giants,15,23,42,0
2007,Buccaneers,15,18,35,0
2007,Redskins,15,18,35,0
2007,Cowboys,14,36,53,0
2007,Dolphins,14,12,28,1
2007,Saints,14,28,45,4
2007,Browns,13,29,46,0
2007,Lions,13,19,36,0
2007,Packers,13,30,46,0
2007,Texans,12,24,40,2
2007,Eagles,12,24,38,0
2007,Ravens,11,13,28,0
2007,Raiders,11,17,30,0
2007,Bengals,10,26,39,1
2007,Broncos,10,21,32,0
2007,Cardinals,9,32,49,0
2007,Steelers,9,34,46,0
2007,Seahawks,9,30,43,0
2007,Bills,8,12,24,1
2007,Bears,8,18,34,0
2007,Niners,8,15,23,0
2007,Falcons,7,18,25,0
2007,Panthers,7,19,27,0
2007,Chiefs,6,17,23,1
2007,Jets,6,15,25,0
2007,Rams,5,19,27,0
2008,Panthers,30,15,45,1
2008,Titans,24,13,41,0
2008,Falcons,23,16,43,0
2008,Patriots,21,21,43,0
2008,Ravens,20,16,41,0
2008,Saints,20,34,57,0
2008,Jets,20,22,46,1
2008,Giants,19,23,45,0
2008,Dolphins,18,20,40,0
2008,Jaguars,17,15,34,0
2008,Bills,16,14,35,0
2008,Texans,16,21,40,0
2008,Steelers,16,19,37,0
2008,Bears,15,20,40,0
2008,Broncos,15,25,40,1
2008,Vikings,15,22,39,0
2008,Eagles,15,23,42,0
2008,Cardinals,14,31,50,1
2008,Colts,13,27,43,1
2008,Chargers,13,34,50,0
2008,Buccaneers,13,18,37,0
2008,Cowboys,12,29,43,0
2008,Redskins,12,14,27,0
2008,Packers,11,28,47,0
2008,Lions,10,18,28,0
2008,Niners,10,21,36,0
2008,Seahawks,10,18,31,0
2008,Chiefs,9,23,34,0
2008,Raiders,9,13,27,0
2008,Rams,8,11,19,0
2008,Bengals,6,11,18,0
2008,Browns,6,11,20,0
2009,Ravens,22,21,46,0
2009,Dolphins,22,15,40,1
2009,Saints,21,34,61,0
2009,Jets,21,12,36,0
2009,Packers,20,30,53,0
2009,Titans,19,16,39,1
2009,Jaguars,19,15,34,1
2009,Vikings,19,34,55,0
2009,Patriots,19,28,50,0
2009,Panthers,18,16,35,1
2009,Chargers,17,29,49,0
2009,Colts,16,34,53,0
2009,Cardinals,16,27,46,0
2009,Falcons,15,26,42,0
2009,Cowboys,14,26,43,1
2009,Giants,14,28,45,0
2009,Eagles,14,27,45,0
2009,Texans,13,29,45,0
2009,Niners,12,23,37,0
2009,Browns,10,11,25,1
2009,Steelers,10,28,40,0
2009,Bengals,9,21,33,1
2009,Broncos,9,21,32,0
2009,Lions,9,16,27,0
2009,Chiefs,8,18,30,0
2009,Redskins,8,21,29,0
2009,Raiders,7,10,17,0
2009,Seahawks,7,20,29,0
2009,Bills,6,17,25,0
2009,Bears,6,27,36,0
2009,Buccaneers,5,18,28,1
2009,Rams,4,12,17,0
2010,Texans,20,24,44,0
2010,Raiders,19,18,43,0
2010,Patriots,19,37,64,0
2010,Eagles,18,28,48,0
2010,Chargers,18,30,51,1
2010,Giants,17,31,48,1
2010,Vikings,16,14,32,0
2010,Steelers,15,22,41,2
2010,Falcons,14,28,46,2
2010,Jaguars,14,26,41,0
2010,Jets,14,20,39,0
2010,Browns,13,13,28,0
2010,Broncos,13,25,39,0
2010,Titans,13,24,40,0
2010,Colts,13,33,50,0
2010,Chiefs,13,27,44,0
2010,Seahawks,13,14,33,0
2010,Ravens,11,25,40,0
2010,Lions,11,26,40,0
2010,Packers,11,31,45,0
2010,Bears,10,23,37,0
2010,Cowboys,10,29,45,2
2010,Niners,10,19,34,0
2010,Rams,9,18,27,0
2010,Saints,9,33,44,0
2010,Cardinals,9,10,27,0
2010,Buccaneers,9,26,39,1
2010,Redskins,9,21,32,0
2010,Bengals,8,26,35,2
2010,Dolphins,8,17,25,0
2010,Panthers,7,9,17,0
2010,Bills,6,24,33,0
2011,Panthers,26,21,48,0
2011,Eagles,20,22,43,0
2011,Texans,18,20,41,0
2011,Vikings,18,20,39,0
2011,Patriots,18,39,60,2
2011,Giants,17,29,46,4
2011,Raiders,16,20,37,0
2011,Saints,16,46,64,0
2011,Chargers,16,27,45,0
2011,Ravens,15,21,38,1
2011,Seahawks,15,15,35,0
2011,Falcons,14,29,45,0
2011,Jets,14,26,45,0
2011,Niners,14,18,35,0
2011,Steelers,13,21,35,0
2011,Bills,12,24,41,1
2011,Packers,12,51,69,0
2011,Cardinals,12,21,37,0
2011,Broncos,11,20,36,3
2011,Dolphins,11,20,33,0
2011,Bears,10,18,36,1
2011,Bengals,10,21,33,0
2011,Lions,9,41,55,0
2011,Jaguars,9,12,22,0
2011,Buccaneers,9,17,29,0
2011,Titans,8,22,34,0
2011,Colts,8,14,24,0
2011,Redskins,8,19,28,0
2011,Rams,7,9,18,0
2011,Cowboys,5,33,39,0
2011,Chiefs,5,13,20,0
2011,Browns,4,16,21,0
2012,Patriots,25,34,64,0
2012,Redskins,22,24,51,1
2012,Panthers,21,19,44,0
2012,Texans,19,22,46,0
2012,Giants,18,26,46,1
2012,Ravens,17,22,44,0
2012,Lions,17,22,39,0
2012,Niners,17,23,43,0
2012,Vikings,16,18,39,1
2012,Seahawks,16,27,48,0
2012,Dolphins,15,13,31,0
2012,Buccaneers,13,27,44,0
2012,Falcons,12,32,45,0
2012,Bills,12,24,40,0
2012,Browns,12,16,31,0
2012,Broncos,12,37,56,0
2012,Jets,12,14,30,0
2012,Bears,11,21,41,1
2012,Bengals,11,28,42,0
2012,Colts,11,23,40,1
2012,Titans,10,17,35,0
2012,Saints,10,43,58,1
2012,Eagles,10,18,29,0
2012,Cardinals,10,11,24,0
2012,Packers,9,40,52,0
2012,Chiefs,9,8,17,0
2012,Cowboys,8,29,39,1
2012,Steelers,8,27,36,0
2012,Jaguars,5,20,26,1
2012,Rams,5,22,31,1
2012,Raiders,4,24,28,0
2012,Chargers,4,26,37,0
2013,Vikings,23,18,44,0
2013,Patriots,19,25,46,2
2013,Eagles,19,32,52,3
2013,Niners,18,21,41,0
2013,Packers,17,25,44,0
2013,Chiefs,17,24,50,0
2013,Broncos,16,55,75,0
2013,Titans,16,22,39,0
2013,Raiders,16,17,35,0
2013,Bills,15,16,33,2
2013,Lions,15,29,47,2
2013,Colts,15,23,40,4
2013,Panthers,14,24,42,0
2013,Bengals,14,33,53,0
2013,Seahawks,14,27,44,0
2013,Redskins,14,20,38,2
2013,Bears,13,32,51,5
2013,Cowboys,12,33,48,1
2013,Jets,12,13,27,0
2013,Cardinals,12,24,40,1
2013,Falcons,11,26,39,1
2013,Giants,11,18,32,1
2013,Rams,10,22,35,3
2013,Saints,10,39,49,0
2013,Steelers,9,28,41,1
2013,Chargers,9,32,42,0
2013,Dolphins,8,24,34,0
2013,Ravens,7,19,29,3
2013,Texans,7,19,28,1
2013,Jaguars,7,16,24,0
2013,Buccaneers,6,22,31,0
2013,Browns,4,26,34,1
2014,Seahawks,20,20,43,0
2014,Bengals,19,20,40,1
2014,Chiefs,18,18,40,0
2014,Browns,17,12,31,0
2014,Ravens,16,27,46,1
2014,Cowboys,16,37,55,0
2014,Saints,16,33,49,0
2014,Eagles,16,27,52,0
2014,Broncos,15,40,57,2
2014,Redskins,15,18,33,0
2014,Packers,14,38,57,1
2014,Patriots,13,34,50,0
2014,Giants,13,30,43,0
2014,Texans,12,22,39,0
2014,Dolphins,12,27,41,1
2014,Vikings,12,17,34,4
2014,Falcons,11,28,41,1
2014,Lions,11,22,34,1
2014,Rams,11,20,36,1
2014,Jets,11,16,27,0
2014,Panthers,10,23,36,1
2014,Steelers,10,33,48,4
2014,Niners,10,20,32,0
2014,Colts,9,42,52,0
2014,Jaguars,9,15,25,1
2014,Bears,8,30,40,5
2014,Bills,7,23,33,2
2014,Buccaneers,7,21,31,0
2014,Titans,6,20,27,0
2014,Cardinals,6,21,31,2
2014,Chargers,6,31,37,0
2014,Raiders,4,22,27,0
2015,Bills,19,23,44,2
2015,Panthers,19,35,59,0
2015,Chiefs,19,20,43,2
2015,Bengals,18,31,50,1
2015,Vikings,18,14,37,1
2015,Rams,16,11,29,1
2015,Saints,16,32,50,1
2015,Cardinals,16,35,56,0
2015,Steelers,16,26,45,8
2015,Eagles,15,23,44,0
2015,Patriots,14,36,50,0
2015,Falcons,13,21,36,1
2015,Bears,13,21,34,2
2015,Broncos,13,19,37,0
2015,Buccaneers,12,22,35,1
2015,Dolphins,11,24,39,2
2015,Jets,11,33,44,0
2015,Titans,10,25,36,3
2015,Seahawks,10,34,46,1
2015,Redskins,9,30,43,2
2015,Ravens,8,21,32,1
2015,Cowboys,8,16,26,1
2015,Packers,8,31,42,4
2015,Lions,7,33,41,0
2015,Texans,7,29,38,2
2015,Raiders,7,34,42,1
2015,Niners,7,16,24,1
2015,Colts,6,26,36,1
2015,Browns,5,20,28,2
2015,Jaguars,5,35,42,1
2015,Giants,5,36,45,1
2015,Chargers,4,30,35,2
2016,Bills,29,17,47,4
2016,Cowboys,24,25,49,0
2016,Falcons,20,38,61,2
2016,Cardinals,20,28,50,1
2016,Patriots,19,32,51,1
2016,Bengals,17,18,35,0
2016,Raiders,17,29,47,5
2016,Saints,17,38,55,2
2016,Redskins,17,25,43,0
2016,Panthers,16,21,38,3
2016,Titans,16,29,45,0
2016,Eagles,16,16,37,4
2016,Chiefs,15,19,41,2
2016,49ers,15,21,36,2
2016,Dolphins,14,27,45,1
2016,Browns,13,15,29,2
2016,Colts,13,32,46,2
2016,Steelers,13,33,46,3
2016,Seahawks,13,23,36,1
2016,Broncos,11,20,34,1
2016,Packers,11,40,51,2
2016,Ravens,10,20,31,4
2016,Bears,10,19,31,0
2016,Jets,10,16,28,1
2016,Chargers,10,33,46,0
2016,Lions,9,24,36,1
2016,Rams,9,14,23,0
2016,Vikings,9,20,34,1
2016,Texans,8,15,25,0
2016,Jaguars,8,24,34,2
2016,Buccaneers,8,29,41,4
2016,Giants,6,26,34,0
2017,Saints,23,23,50,1
2017,Cowboys,18,22,42,0
2017,Titans,18,14,32,0
2017,Jaguars,18,21,42,3
2017,Rams,17,28,51,0
2017,Patriots,16,32,49,2
2017,Panthers,15,22,39,1
2017,Vikings,15,25,41,2
2017,49ers,15,15,31,0
2017,Ravens,14,20,40,1
2017,Bears,13,13,30,1
2017,Packers,13,25,39,1
2017,Raiders,13,23,36,2
2017,Jets,13,19,32,1
2017,Falcons,12,21,34,0
2017,Bills,12,16,29,0
2017,Chiefs,12,26,39,0
2017,Steelers,12,29,43,2
2017,Browns,11,15,27,1
2017,Colts,11,13,25,0
2017,Lions,10,29,44,2
2017,Chargers,10,28,42,0
2017,Redskins,10,27,39,0
2017,Eagles,9,38,49,6
2017,Broncos,8,19,29,2
2017,Texans,8,28,38,2
2017,Buccaneers,8,26,35,2
2017,Bengals,6,25,34,0
2017,Giants,6,20,28,1
2017,Cardinals,6,21,28,1
2017,Dolphins,4,24,29,1
2017,Seahawks,4,34,42,2
2018,Saints,26,33,60,4
2018,Rams,23,32,59,5
2018,Ravens,19,18,38,1
2018,Broncos,18,19,39,0
2018,Patriots,18,29,50,0
2018,Panthers,17,28,45,2
2018,Bears,16,28,49,4
2018,Chiefs,16,50,70,1
2018,Steelers,16,35,53,4
2018,Chargers,16,32,50,6
2018,Bills,15,13,29,1
2018,Browns,15,29,44,4
2018,Titans,15,16,34,0
2018,Seahawks,15,35,51,1
2018,Packers,14,25,41,3
2018,Bengals,13,27,43,1
2018,Cowboys,13,22,35,2
2018,Colts,13,39,52,4
2018,Giants,13,23,39,4
2018,Texans,12,26,41,0
2018,Eagles,12,29,41,5
2018,Redskins,12,16,28,2
2018,Falcons,11,36,48,2
2018,Lions,11,22,35,0
2018,Jets,11,18,34,0
2018,Buccaneers,11,36,48,1
2018,Raiders,9,19,30,1
2018,Vikings,9,30,40,3
2018,Cardinals,9,15,25,2
2018,Jaguars,7,15,25,0
2018,Dolphins,7,26,38,1
2018,49ers,7,26,35,2
2019,49ers,23,28,54,2
2019,Ravens,21,37,60,2
2019,Titans,21,29,52,1
2019,Panthers,20,17,37,1
2019,Rams,20,22,44,1
2019,Vikings,19,26,46,1
2019,Cowboys,18,30,48,2
2019,Packers,18,26,44,3
2019,Cardinals,18,20,38,3
2019,Texans,17,27,46,1
2019,Colts,17,22,42,2
2019,Patriots,17,25,47,2
2019,Chiefs,16,30,48,1
2019,Eagles,16,27,44,4
2019,Browns,15,22,38,1
2019,Seahawks,15,31,48,1
2019,Buccaneers,15,33,50,5
2019,Bills,13,21,35,3
2019,Raiders,13,22,37,0
2019,Saints,12,36,51,0
2019,Chargers,12,24,37,1
2019,Broncos,11,16,27,1
2019,Giants,11,30,43,2
2019,Falcons,10,29,41,2
2019,Dolphins,10,22,34,1
2019,Bengals,9,18,28,2
2019,Redskins,9,18,28,1
2019,Bears,8,20,30,1
2019,Lions,7,28,37,0
2019,Steelers,7,18,27,0
2019,Jets,6,19,29,3
2019,Jaguars,3,24,28,4
2020,Saints,30,28,59,0
2020,Titans,26,33,61,4
2020,Ravens,24,27,52,2
2020,Cardinals,22,27,49,0
2020,Browns,21,27,50,2
2020,Colts,20,24,50,3
2020,Raiders,20,28,48,1
2020,Vikings,20,35,55,8
2020,Patriots,20,12,35,1
2020,Panthers,19,16,35,1
2020,Rams,19,20,42,1
2020,49ers,19,25,45,1
2020,Football Team,18,16,36,0
2020,Lions,17,27,45,2
2020,Bills,16,40,59,0
2020,Packers,16,48,65,2
2020,Eagles,16,22,41,7
2020,Buccaneers,16,42,59,0
2020,Dolphins,15,24,40,4
2020,Seahawks,15,40,55,1
2020,Cowboys,14,25,40,4
2020,Falcons,13,27,41,1
2020,Bengals,13,19,33,0
2020,Broncos,13,21,35,2
2020,Chiefs,13,40,57,3
2020,Giants,13,12,26,2
2020,Bears,12,26,39,2
2020,Steelers,12,35,50,2
2020,Chargers,12,31,45,2
2020,Texans,10,33,44,1
2020,Jaguars,9,25,37,3
2020,Jets,9,16,26,1
2021,Eagles,25,20,47,5
2021,Patriots,24,24,51,3
2021,Titans,23,22,48,2
2021,Cardinals,23,27,51,0
2021,Colts,22,27,51,2
2021,49ers,22,26,50,2
2021,Bills,20,36,57,3
2021,Browns,20,21,42,3
2021,Ravens,18,21,41,2
2021,Chargers,18,38,57,7
2021,Seahawks,18,30,49,1
2021,Buccaneers,18,43,63,1
2021,Panthers,17,14,32,3
2021,Bengals,16,36,53,1
2021,Broncos,16,20,37,1
2021,Chiefs,16,37,55,2
2021,Cowboys,15,40,63,6
2021,Bears,14,16,32,3
2021,Raiders,14,23,37,0
2021,Jets,14,20,36,4
2021,Packers,13,39,54,1
2021,Jaguars,13,12,28,2
2021,Football Team,13,21,37,2
2021,Lions,12,23,35,5
2021,Dolphins,12,21,37,2
2021,Saints,12,29,43,0
2021,Falcons,11,20,33,1
2021,Rams,10,41,52,2
2021,Vikings,10,34,48,1
2021,Steelers,10,23,34,2
2021,Texans,8,21,31,2
2021,Giants,8,15,24,4
2022,Eagles,32,25,59,2
2022,Cowboys,24,28,52,0
2022,Lions,23,29,54,4
2022,Giants,21,17,39,3
2022,49ers,20,30,52,0
2022,Browns,19,19,40,1
2022,Bears,18,19,37,1
2022,Chiefs,18,41,61,3
2022,Vikings,18,30,49,3
2022,Falcons,17,17,38,3
2022,Panthers,16,16,35,1
2022,Titans,16,16,34,1
2022,Jaguars,16,25,43,4
2022,Steelers,16,12,29,3
2022,Bills,15,35,53,2
2022,Rams,15,16,32,0
2022,Cardinals,15,17,35,5
2022,Chargers,15,26,42,2
2022,Ravens,14,19,34,2
2022,Bengals,14,35,49,3
2022,Jets,13,15,29,0
2022,Packers,12,27,42,2
2022,Raiders,12,28,41,0
2022,Dolphins,12,30,44,0
2022,Patriots,12,19,37,1
2022,Saints,12,24,37,3
2022,Seahawks,12,30,44,0
2022,Broncos,11,18,29,1
2022,Commanders,9,24,35,2
2022,Colts,8,17,28,1
2022,Texans,7,20,29,1
2022,Buccaneers,5,26,32,2
2023,Buccaneers,8,28,37,2
2023,49ers,27,33,61,0
2023,Bears,16,19,37,1
2023,Bengals,12,27,41,1
2023,Bills,22,29,54,3
2023,Broncos,8,28,38,4
2023,Browns,15,24,42,6
2023,Cardinals,17,18,36,4
2023,Falcons,14,17,32,2
2023,Chargers,11,24,36,1
2023,Chiefs,9,28,39,0
2023,Colts,19,18,42,4
2023,Commanders,14,24,39,3
2023,Cowboys,14,36,57,4
2023,Eagles,22,24,49,1
2023,Giants,10,15,29,1
2023,Raiders,11,20,36,2
2023,Jaguars,17,22,41,3
2023,Jets,7,11,22,3
2023,Vikings,7,30,39,1
2023,Lions,27,30,58,3
2023,Packers,10,32,44,2
2023,Texans,10,27,40,2
2023,Panthers,7,13,23,3
2023,Patriots,9,16,27,0
2023,Titans,16,14,31,1
2023,Rams,18,26,44,4
2023,Ravens,26,27,55,2
2023,Saints,13,28,44,4
2023,Seahawks,11,23,37,2
2023,Steelers,16,13,31,1
2023,Dolphins,27,30,61,0