Year,Team,FGM,FG %,XPM,XP Pct,KRet TD,PRet T
1970,Chiefs,30,71.4,26,100,0,0
1970,Vikings,30,65.2,35,100,0,0
1970,Rams,29,64.4,34,100,1,0
1970,Bengals,25,67.6,33,100,1,1
1970,Giants,25,61,32,100,0,1
1970,Dolphins,22,73.3,33,100,1,1
1970,49ers,21,67.7,39,95.1,0,0
1970,Bears,20,58.8,28,100,4,0
1970,Lions,20,69,41,100,1,1
1970,Cardinals,20,62.5,37,97.4,0,1
1970,Redskins,20,74.1,33,97.1,0,0
1970,Colts,19,55.9,36,94.7,1,1
1970,Jets,19,54.3,28,100,0,0
1970,Cowboys,18,66.7,35,100,1,0
1970,Broncos,18,56.2,27,96.4,0,0
1970,Oilers,18,56.2,23,100,0,0
1970,Saints,18,52.9,16,94.1,0,0
1970,Raiders,16,55.2,36,100,0,1
1970,Packers,15,53.6,19,90.5,2,0
1970,Eagles,14,56,25,89.3,0,0
1970,Browns,12,54.6,34,97.1,1,0
1970,Chargers,12,63.2,34,97.1,0,0
1970,Bills,10,52.6,24,96,2,0
1970,Steelers,10,35.7,24,96,0,0
1970,Falcons,9,36,23,88.5,0,2
1970,Patriots,8,36.4,17,94.4,0,0
1971,Redskins,29,59.2,27,100,0,0
1971,Dolphins,28,70,33,100,1,0
1971,Chiefs,26,57.8,32,100,0,0
1971,Broncos,25,65.8,18,100,0,0
1971,49ers,23,63.9,32,100,0,0
1971,Lions,22,59.5,39,100,2,0
1971,Vikings,22,68.8,25,100,0,0
1971,Cardinals,21,65.6,24,100,1,0
1971,Bengals,20,55.6,31,100,0,0
1971,Colts,20,69,35,97.2,0,0
1971,Cowboys,18,54.6,50,100,2,0
1971,Rams,18,62.1,37,100,1,0
1971,Eagles,18,48.6,23,95.8,0,0
1971,Oilers,17,60.7,26,89.7,0,0
1971,Saints,17,60.7,29,93.6,0,0
1971,Steelers,17,63,27,100,0,1
1971,Chargers,17,58.6,36,97.3,0,0
1971,Bears,15,45.4,18,100,0,0
1971,Browns,15,53.6,34,100,0,0
1971,Raiders,15,68.2,41,97.6,0,0
1971,Packers,14,53.8,32,97,1,0
1971,Falcons,13,61.9,29,87.9,0,0
1971,Bills,12,48,20,95.2,0,2
1971,Patriots,12,57.1,28,100,0,0
1971,Jets,8,42.1,25,96.2,0,0
1971,Giants,6,35.3,30,100,1,0
1972,Packers,33,68.8,29,100,0,2
1972,Steelers,28,68.3,35,97.2,0,0
1972,Bengals,27,67.5,30,96.8,0,2
1972,Jets,27,73,40,97.6,0,1
1972,Rams,24,58.5,31,100,0,0
1972,Dolphins,24,64.9,43,95.6,0,0
1972,Browns,22,81.5,28,96.6,0,0
1972,Cowboys,21,58.3,36,100,0,0
1972,Chiefs,21,58.3,32,100,0,0
1972,Vikings,21,63.6,34,100,0,0
1972,Giants,21,67.7,34,89.5,1,0
1972,Broncos,20,69,37,100,1,1
1972,Lions,20,69,38,97.4,0,0
1972,Eagles,20,57.1,11,91.7,0,0
1972,Chargers,18,58.1,28,93.3,0,0
1972,49ers,18,62.1,41,97.6,1,0
1972,Raiders,17,65.4,44,100,0,0
1972,Falcons,16,53.3,31,100,0,0
1972,Bills,16,66.7,29,96.7,0,0
1972,Cardinals,14,63.6,19,90.5,0,0
1972,Redskins,14,46.7,40,97.6,0,0
1972,Oilers,13,61.9,17,94.4,0,0
1972,Colts,13,33.3,28,100,1,0
1972,Bears,12,50,26,100,2,0
1972,Saints,11,44,24,96,0,0
1972,Patriots,8,50,24,100,0,0
1973,Rams,30,63.8,40,95.2,1,0
1973,Steelers,29,67.4,36,97.3,0,0
1973,Falcons,26,68.4,34,100,0,0
1973,49ers,26,78.8,26,100,0,0
1973,Dolphins,25,67.6,38,100,0,0
1973,Chiefs,24,63.2,21,91.3,0,0
1973,Eagles,24,60,34,100,0,0
1973,Raiders,23,69.7,31,100,0,1
1973,Cardinals,23,71.9,31,100,1,0
1973,Browns,22,71,24,100,0,0
1973,Broncos,22,66.7,40,100,0,0
1973,Redskins,22,52.4,37,100,1,0
1973,Bills,21,70,27,100,2,1
1973,Bengals,21,67.7,31,96.9,0,0
1973,Lions,21,63.6,28,100,0,0
1973,Packers,21,60,19,95,0,0
1973,Vikings,21,60,33,100,0,0
1973,Cowboys,19,63.3,45,97.8,0,0
1973,Saints,17,47.2,16,100,0,0
1973,Giants,17,60.7,25,100,0,0
1973,Jets,17,70.8,27,100,1,0
1973,Colts,16,57.1,22,91.7,1,0
1973,Oilers,15,62.5,21,100,1,0
1973,Patriots,15,51.7,25,83.3,1,0
1973,Bears,14,58.3,21,95.4,1,1
1973,Chargers,12,44.4,19,90.5,0,2
1974,Packers,25,64.1,19,100,0,2
1974,Lions,23,71.9,23,88.5,0,0
1974,Steelers,20,69,33,94.3,0,1
1974,Bills,19,57.6,25,86.2,0,0
1974,Redskins,19,61.3,35,92.1,1,1
1974,Chiefs,17,70.8,24,92.3,0,0
1974,Patriots,16,72.7,42,97.7,0,0
1974,Browns,14,87.5,29,96.7,1,0
1974,Cardinals,13,59.1,30,83.3,1,0
1974,Colts,12,60,22,100,0,0
1974,Vikings,12,60,32,82,0,0
1974,Jets,12,66.7,27,81.8,0,0
1974,Bengals,11,61.1,32,91.4,0,2
1974,Broncos,11,52.4,35,92.1,0,0
1974,Raiders,11,64.7,44,95.6,0,0
1974,49ers,11,45.8,25,92.6,0,1
1974,Cowboys,10,47.6,37,97.4,0,1
1974,Giants,10,52.6,21,91.3,0,0
1974,Eagles,10,62.5,26,86.7,0,0
1974,Falcons,9,56.2,12,100,0,1
1974,Bears,9,69.2,17,100,0,0
1974,Oilers,9,47.4,29,100,0,0
1974,Rams,9,56.2,26,76.5,1,0
1974,Saints,9,56.2,19,95,0,0
1974,Dolphins,8,53.3,43,100,0,0
1974,Chargers,6,37.5,26,92.9,0,0
1975,Cowboys,22,62.9,38,95,1,1
1975,Chiefs,22,68.8,30,96.8,0,0
1975,Broncos,21,72.4,23,88.5,0,0
1975,Rams,21,80.8,31,86.1,0,0
1975,Eagles,20,69,21,87.5,0,0
1975,Cardinals,19,79.2,40,97.6,1,1
1975,Oilers,18,60,31,91.2,1,3
1975,Browns,17,73.9,21,87.5,0,0
1975,Steelers,17,81,44,95.6,1,0
1975,Redskins,16,64,37,94.9,0,1
1975,Lions,14,66.7,25,86.2,0,0
1975,49ers,14,50,27,87.1,0,0
1975,Bears,13,56.5,18,81.8,0,0
1975,Raiders,13,61.9,44,91.7,1,0
1975,Dolphins,13,81.2,40,87,0,1
1975,Vikings,13,76.5,46,95.8,0,0
1975,Jets,13,61.9,27,90,0,0
1975,Packers,12,70.6,22,81.5,1,0
1975,Chargers,12,50,20,95.2,0,1
1975,Saints,11,52.4,18,100,0,0
1975,Bengals,10,47.6,40,88.9,0,0
1975,Colts,10,55.6,51,98.1,0,0
1975,Bills,9,56.2,51,89.5,0,0
1975,Patriots,9,52.9,33,100,1,0
1975,Giants,6,54.6,24,82.8,0,1
1975,Falcons,4,40,30,90.9,0,0
1976,Redskins,22,64.7,31,96.9,0,1
1976,Chiefs,21,55.3,27,81.8,0,0
1976,Colts,20,74.1,49,98,0,0
1976,Cardinals,20,74.1,33,94.3,0,0
1976,Vikings,19,61.3,32,88.9,0,0
1976,Cowboys,18,78.3,34,100,0,0
1976,Saints,18,78.3,25,86.2,0,0
1976,Rams,17,65.4,36,81.8,1,0
1976,Oilers,16,59.3,24,100,0,1
1976,Dolphins,16,69.6,29,93.6,0,1
1976,49ers,16,57.1,26,86.7,0,2
1976,Browns,15,53.6,27,90,0,0
1976,Broncos,15,71.4,36,92.3,0,4
1976,Patriots,15,60,43,91.5,0,2
1976,Bengals,14,51.8,39,92.9,1,0
1976,Lions,14,58.3,28,90.3,0,0
1976,Steelers,14,53.8,40,93,0,0
1976,Bills,13,54.2,26,89.7,0,1
1976,Bears,12,48,27,90,0,0
1976,Jets,11,68.8,16,80,0,1
1976,Eagles,11,68.8,18,94.7,0,0
1976,Falcons,10,47.6,20,100,0,0
1976,Packers,10,52.6,24,88.9,0,0
1976,Chargers,10,50,25,83.3,0,0
1976,Seahawks,9,56.2,26,89.7,0,0
1976,Raiders,8,42.1,42,89.4,0,0
1976,Giants,8,38.1,20,95.2,0,0
1976,Buccaneers,8,47.1,11,78.6,0,0
1977,Redskins,21,56.8,19,100,0,0
1977,Raiders,20,71.4,39,92.9,0,0
1977,Bengals,19,70.4,25,96.2,0,0
1977,Cowboys,18,62.1,39,95.1,0,0
1977,Rams,18,60,32,91.4,0,0
1977,Browns,17,73.9,30,96.8,0,0
1977,Colts,17,65.4,32,91.4,0,0
1977,Chargers,17,73.9,21,87.5,0,1
1977,Oilers,16,64,29,82.9,1,2
1977,Patriots,15,71.4,33,100,3,0
1977,Jets,15,60,18,85.7,0,0
1977,Bears,14,51.8,27,90,1,1
1977,Giants,14,60.9,19,95,0,1
1977,Falcons,13,43.3,20,100,0,0
1977,Broncos,13,68.4,31,91.2,0,1
1977,Packers,13,61.9,11,78.6,1,1
1977,49ers,11,57.9,25,92.6,1,0
1977,Dolphins,10,45.4,37,90.2,1,0
1977,Bills,9,52.9,17,89.5,0,2
1977,Steelers,9,64.3,34,91.9,0,0
1977,Seahawks,9,50,33,89.2,0,0
1977,Buccaneers,9,52.9,10,90.9,0,0
1977,Lions,8,42.1,19,90.5,1,1
1977,Chiefs,8,44.4,27,96.4,0,0
1977,Vikings,8,47.1,25,86.2,0,0
1977,Eagles,7,46.7,25,86.2,1,0
1977,Cardinals,7,43.8,35,97.2,0,0
1977,Saints,5,41.7,29,93.6,1,0
1978,Rams,29,67.4,31,93.9,0,0
1978,Jets,22,73.3,41,97.6,0,1
1978,Giants,21,72.4,27,93.1,0,0
1978,Lions,20,71.4,32,97,0,0
1978,Chiefs,20,66.7,25,96.2,0,0
1978,Browns,19,67.9,37,92.5,0,0
1978,Dolphins,19,82.6,41,91.1,0,0
1978,Redskins,19,63.3,30,96.8,1,1
1978,Chargers,18,81.8,37,86,0,0
1978,Bears,17,77.3,26,92.9,0,1
1978,Falcons,16,61.5,26,96.3,1,0
1978,Bengals,16,53.3,26,89.7,0,0
1978,Cowboys,16,61.5,46,97.9,0,0
1978,49ers,15,65.2,24,96,1,0
1978,Oilers,14,77.8,31,96.9,0,0
1978,Buccaneers,14,58.3,25,86.2,0,0
1978,Seahawks,13,61.9,40,90.9,0,0
1978,Raiders,12,60,33,86.8,0,0
1978,Vikings,12,63.2,36,97.3,0,0
1978,Patriots,12,50,42,91.3,0,0
1978,Saints,12,48,33,94.3,0,0
1978,Steelers,12,46.2,44,97.8,1,0
1978,Broncos,11,50,31,88.6,0,1
1978,Packers,11,57.9,30,100,1,0
1978,Cardinals,11,50,27,90,0,1
1978,Bills,10,76.9,36,94.7,1,1
1978,Colts,8,47.1,27,87.1,1,0
1978,Eagles,8,47.1,30,88.2,0,1
1979,Redskins,25,75.8,39,100,0,0
1979,Patriots,23,69.7,46,93.9,0,1
1979,Eagles,23,74.2,36,92.3,1,0
1979,Bills,21,63.6,25,86.2,0,0
1979,Oilers,21,84,41,95.4,0,0
1979,Dolphins,21,72.4,36,90,0,1
1979,49ers,20,83.3,32,91.4,1,0
1979,Cowboys,19,65.5,40,90.9,0,0
1979,Seahawks,19,82.6,43,93.5,0,0
1979,Raiders,18,66.7,41,91.1,1,0
1979,Steelers,18,60,50,96.2,0,0
1979,Browns,17,58.6,38,88.4,0,0
1979,Bears,16,59.3,34,91.9,1,1
1979,Saints,16,76.2,44,95.6,0,0
1979,Jets,16,53.3,35,83.3,0,0
1979,Chargers,16,61.5,47,90.4,0,0
1979,Colts,14,50,31,93.9,0,1
1979,Falcons,13,52,31,83.8,0,0
1979,Bengals,13,56.5,40,95.2,0,0
1979,Broncos,13,61.9,32,94.1,0,0
1979,Rams,13,52,36,92.3,0,0
1979,Vikings,13,59.1,28,90.3,0,0
1979,Packers,12,60,24,80,1,0
1979,Chiefs,12,52.2,28,96.6,0,2
1979,Cardinals,12,46.2,30,76.9,1,0
1979,Buccaneers,11,57.9,30,85.7,0,0
1979,Lions,10,55.6,25,96.2,0,0
1979,Giants,9,45,28,96.6,0,0
1980,Lions,27,64.3,35,97.2,1,0
1980,Broncos,26,76.5,32,97,0,0
1980,Patriots,26,76.5,51,100,1,1
1980,Chargers,24,66.7,46,95.8,0,0
1980,Oilers,20,80,31,91.2,0,0
1980,Chiefs,20,76.9,37,100,0,2
1980,Seahawks,20,64.5,33,100,0,1
1980,Falcons,19,70.4,46,93.9,0,0
1980,Raiders,19,51.4,41,93.2,2,0
1980,Steelers,19,67.9,39,92.9,0,0
1980,Redskins,18,54.6,27,90,0,0
1980,Browns,16,61.5,39,88.6,0,0
1980,Rams,16,53.3,51,98.1,1,0
1980,Vikings,16,61.5,33,86.8,1,0
1980,Giants,16,66.7,27,96.4,0,0
1980,Eagles,16,51.6,48,100,0,0
1980,Buccaneers,16,69.6,31,96.9,0,0
1980,Bengals,15,51.7,27,96.4,0,0
1980,49ers,15,79,33,84.6,1,2
1980,Dolphins,14,60.9,32,100,0,0
1980,Jets,14,63.6,36,100,0,0
1980,Cardinals,14,60.9,35,94.6,0,1
1980,Bills,13,56.5,37,94.9,0,0
1980,Bears,13,72.2,35,94.6,1,0
1980,Colts,12,52.2,43,93.5,0,0
1980,Saints,12,54.6,33,91.7,0,0
1980,Cowboys,11,64.7,59,98.3,0,0
1980,Packers,11,55,24,85.7,0,0
1981,Cowboys,27,77.1,40,100,0,0
1981,Chiefs,26,72.2,37,97.4,0,0
1981,Lions,25,71.4,46,100,0,1
1981,Jets,25,69.4,38,97.4,0,0
1981,Dolphins,24,77.4,37,97.4,1,1
1981,Giants,24,63.2,31,100,0,0
1981,Bengals,22,68.8,49,96.1,0,0
1981,Packers,22,91.7,35,97.2,0,1
1981,Falcons,21,63.6,51,100,0,0
1981,Vikings,21,84,34,91.9,1,0
1981,Eagles,20,64.5,41,95.4,0,0
1981,Cardinals,19,59.4,36,97.3,0,1
1981,Chargers,19,73.1,55,90.2,0,0
1981,49ers,19,65.5,42,100,1,0
1981,Redskins,19,63.3,38,90.5,0,2
1981,Browns,17,51.5,31,96.9,0,0
1981,Broncos,17,56.7,36,97.3,0,0
1981,Rams,17,65.4,36,100,0,3
1981,Buccaneers,17,60.7,36,94.7,0,0
1981,Oilers,15,68.2,32,94.1,2,0
1981,Patriots,15,62.5,37,94.9,0,0
1981,Seahawks,15,62.5,37,92.5,0,0
1981,Bills,14,58.3,37,100,0,0
1981,Raiders,14,58.3,27,81.8,0,1
1981,Saints,13,52,24,100,0,0
1981,Bears,12,52.2,29,93.6,0,1
1981,Steelers,12,70.6,38,82.6,0,0
1981,Colts,10,55.6,29,87.9,0,0
1982,Redskins,20,95.2,16,84.2,0,0
1982,Chiefs,19,79.2,17,100,0,0
1982,Buccaneers,18,78.3,14,100,0,0
1982,Lions,16,94.1,19,100,1,0
1982,Chargers,16,72.7,32,94.1,0,0
1982,Dolphins,15,75,21,95.4,0,1
1982,Bengals,14,77.8,25,96.2,0,0
1982,Packers,13,72.2,25,92.6,0,0
1982,Giants,12,57.1,18,100,0,0
1982,49ers,12,70.6,23,92,0,1
1982,Broncos,11,84.6,15,93.8,0,2
1982,Jets,11,64.7,26,83.9,0,0
1982,Falcons,10,71.4,21,95.4,0,0
1982,Cowboys,10,71.4,28,100,0,0
1982,Colts,10,55.6,11,100,0,0
1982,Raiders,10,62.5,32,97,0,0
1982,Steelers,10,83.3,22,100,0,0
1982,Seahawks,10,71.4,13,92.9,0,0
1982,Bills,9,50,15,88.2,0,0
1982,Bears,9,45,16,100,0,0
1982,Rams,9,60,23,95.8,0,1
1982,Vikings,8,57.1,23,100,0,0
1982,Patriots,8,61.5,15,88.2,1,0
1982,Cardinals,8,61.5,15,93.8,0,0
1982,Browns,7,43.8,17,100,0,0
1982,Saints,6,46.2,15,93.8,0,0
1982,Eagles,6,66.7,23,92,0,0
1982,Oilers,4,66.7,16,88.9,0,0
1983,Giants,35,83.3,22,95.6,0,0
1983,Redskins,33,70.2,62,98.4,0,0
1983,Colts,30,85.7,22,91.7,0,0
1983,Steelers,27,87.1,38,97.4,0,0
1983,Lions,25,78.1,38,100,0,1
1983,Vikings,25,75.8,33,97.1,0,0
1983,49ers,25,83.3,51,100,0,1
1983,Chiefs,24,80,44,97.8,0,0
1983,Browns,22,88,38,95,0,0
1983,Cowboys,22,81.5,57,96.6,0,1
1983,Broncos,21,84,33,97.1,0,1
1983,Packers,21,80.8,52,100,0,1
1983,Raiders,21,77.8,51,96.2,0,1
1983,Dolphins,18,66.7,45,93.8,0,1
1983,Saints,18,75,37,97.4,0,0
1983,Seahawks,18,72,49,98,1,1
1983,Falcons,17,77.3,43,95.6,0,1
1983,Oilers,17,81,33,97.1,2,0
1983,Bengals,16,69.6,39,95.1,0,0
1983,Jets,16,66.7,36,97.3,0,1
1983,Eagles,15,57.7,24,88.9,0,0
1983,Cardinals,15,53.6,45,95.7,0,0
1983,Chargers,15,62.5,43,95.6,0,0
1983,Bears,14,56,35,92.1,0,1
1983,Bills,11,42.3,34,94.4,0,0
1983,Rams,11,55,42,91.3,0,1
1983,Buccaneers,10,41.7,25,86.2,0,0
1983,Patriots,9,40.9,31,86.1,0,0
1984,Eagles,30,81.1,26,96.3,1,0
1984,Browns,25,71.4,25,100,0,0
1984,Rams,25,75.8,37,97.4,1,2
1984,49ers,25,71.4,56,100,0,1
1984,Steelers,24,75,45,100,0,1
1984,Redskins,24,77.4,48,94.1,0,0
1984,Cowboys,23,79.3,33,97.1,0,0
1984,Chiefs,23,69.7,35,100,0,0
1984,Cardinals,23,65.7,48,94.1,0,0
1984,Bears,22,78.6,35,94.6,0,0
1984,Bengals,22,71,37,100,0,0
1984,Patriots,22,78.6,42,100,0,0
1984,Broncos,21,75,38,92.7,0,0
1984,Falcons,20,74.1,31,100,0,0
1984,Lions,20,74.1,31,100,0,0
1984,Raiders,20,74.1,40,95.2,0,1
1984,Vikings,20,87,30,96.8,0,0
1984,Saints,20,74.1,34,100,0,0
1984,Chargers,20,69,46,97.9,0,1
1984,Seahawks,20,83.3,50,98,0,1
1984,Buccaneers,19,73.1,38,95,0,0
1984,Giants,17,51.5,32,91.4,0,0
1984,Jets,17,70.8,38,97.4,1,0
1984,Oilers,15,79,27,100,0,0
1984,Colts,14,60.9,27,96.4,1,0
1984,Packers,12,57.1,48,98,1,0
1984,Bills,11,52.4,31,100,0,1
1984,Dolphins,9,47.4,66,94.3,0,0
1985,Steelers,33,78.6,40,100,0,2
1985,Bears,31,81.6,51,100,2,0
1985,Saints,31,88.6,27,93.1,0,0
1985,Lions,26,83.9,31,93.9,0,1
1985,Jets,26,76.5,43,95.6,0,0
1985,Eagles,25,83.3,29,100,0,0
1985,Falcons,24,77.4,29,100,1,0
1985,Bengals,24,72.7,48,96,0,0
1985,Chiefs,24,88.9,35,100,0,0
1985,Patriots,24,80,40,97.6,0,2
1985,Broncos,23,60.5,41,93.2,0,0
1985,Rams,22,75.9,38,97.4,3,1
1985,Dolphins,22,81.5,50,96.2,0,0
1985,Giants,22,66.7,45,95.7,0,0
1985,Buccaneers,22,68.8,30,93.8,0,0
1985,Redskins,22,62.9,31,93.9,0,0
1985,Oilers,21,77.8,29,93.6,0,0
1985,Raiders,20,62.5,40,95.2,0,0
1985,Cowboys,19,67.9,42,97.7,0,0
1985,Packers,19,73.1,38,95,0,0
1985,Chargers,18,64.3,53,93,1,0
1985,Colts,16,61.5,36,92.3,0,1
1985,Vikings,15,57.7,41,95.4,0,0
1985,Browns,14,77.8,35,100,0,1
1985,Seahawks,14,56,40,95.2,0,0
1985,Bills,13,76.5,23,100,0,0
1985,Cardinals,13,46.4,33,97.1,0,0
1985,49ers,13,61.9,52,98.1,1,0
1986,Patriots,32,78,44,97.8,0,1
1986,Bears,28,68.3,36,97.3,2,0
1986,Browns,26,78.8,43,97.7,1,1
1986,Saints,26,86.7,30,100,1,0
1986,Giants,26,70.3,41,100,0,0
1986,49ers,25,71.4,41,97.6,0,1
1986,Falcons,23,63.9,29,96.7,0,0
1986,Oilers,22,81.5,28,96.6,0,0
1986,Vikings,22,78.6,44,93.6,0,0
1986,Seahawks,22,62.9,42,100,0,1
1986,Raiders,21,75,36,100,0,1
1986,Steelers,21,65.6,32,100,0,0
1986,Broncos,20,71.4,44,97.8,0,2
1986,Eagles,20,64.5,26,96.3,0,1
1986,Chiefs,19,73.1,43,100,1,0
1986,Lions,18,72,31,96.9,0,1
1986,Redskins,18,56.2,38,84.4,0,0
1986,Bills,17,63,32,94.1,0,1
1986,Bengals,17,53.1,50,98,0,0
1986,Packers,17,63,29,100,0,1
1986,Rams,17,70.8,34,97.1,0,0
1986,Buccaneers,17,70.8,26,96.3,0,0
1986,Jets,16,84.2,44,100,2,0
1986,Chargers,16,64,39,95.1,0,0
1986,Cowboys,15,71.4,43,100,0,0
1986,Dolphins,14,63.6,52,94.6,0,1
1986,Colts,13,52,26,96.3,0,0
1986,Cardinals,11,45.8,23,88.5,0,2
1987,Saints,33,78.6,43,95.6,0,0
1987,Colts,27,84.4,31,100,0,0
1987,Lions,26,66.7,27,100,0,0
1987,Oilers,26,81.2,37,97.4,0,0
1987,Bengals,25,78.1,28,93.3,0,0
1987,Cowboys,25,86.2,37,100,0,0
1987,Bears,22,68.8,38,95,1,2
1987,Steelers,22,75.9,31,100,0,0
1987,Browns,21,67.7,44,97.8,0,0
1987,Broncos,21,72.4,44,100,0,1
1987,Packers,21,72.4,24,92.3,0,0
1987,Chiefs,21,84,30,100,2,1
1987,Giants,20,62.5,28,96.6,0,0
1987,Jets,20,76.9,38,100,0,2
1987,Raiders,19,63.3,34,97.1,0,1
1987,Eagles,19,61.3,38,95,0,0
1987,Buccaneers,19,79.2,31,93.9,0,0
1987,Redskins,18,62.1,43,93.5,0,0
1987,Rams,17,81,36,94.7,1,0
1987,Seahawks,17,77.3,44,100,0,0
1987,Patriots,16,57.1,38,97.4,0,0
1987,Chargers,16,57.1,26,92.9,0,1
1987,49ers,16,69.6,55,93.2,1,1
1987,Vikings,14,48.3,40,97.6,0,1
1987,Cardinals,14,51.8,44,95.6,0,1
1987,Falcons,12,70.6,23,100,1,0
1987,Bills,12,60,32,97,0,0
1987,Dolphins,12,75,44,95.6,0,0
1988,Bills,32,86.5,33,100,0,0
1988,Steelers,28,77.8,34,97.1,2,0
1988,Chiefs,27,84.4,23,100,0,0
1988,49ers,27,71,40,97.6,0,2
1988,Saints,26,72.2,32,97,0,1
1988,Colts,25,78.1,39,97.5,0,1
1988,Browns,24,82.8,32,97,0,0
1988,Rams,24,75,45,93.8,0,0
1988,Giants,24,80,39,95.1,0,0
1988,Broncos,23,63.9,36,97.3,0,0
1988,Jets,23,82.1,43,100,0,1
1988,Eagles,23,71.9,42,97.7,0,0
1988,Oilers,22,64.7,48,96,1,0
1988,Seahawks,22,78.6,39,100,0,0
1988,Buccaneers,21,70,28,100,0,0
1988,Lions,20,95.2,22,95.6,0,0
1988,Vikings,20,80,48,98,0,0
1988,Falcons,19,63.3,25,92.6,0,0
1988,Redskins,19,73.1,40,97.6,0,0
1988,Raiders,18,62.1,37,94.9,1,0
1988,Bears,15,79,37,97.4,0,0
1988,Chargers,14,70,27,100,2,0
1988,Cowboys,13,52,32,100,0,0
1988,Packers,13,52,23,79.3,0,1
1988,Patriots,13,54.2,25,80.6,1,0
1988,Bengals,12,66.7,56,94.9,1,0
1988,Dolphins,12,52.2,37,94.9,0,0
1988,Cardinals,12,57.1,42,95.4,0,0
1989,Vikings,32,72.7,35,97.2,1,0
1989,Patriots,30,75,27,90,0,0
1989,Giants,29,76.3,35,94.6,0,1
1989,49ers,29,80.6,49,96.1,0,0
1989,Redskins,29,72.5,41,100,1,0
1989,Broncos,27,81.8,39,97.5,0,0
1989,Oilers,25,67.6,40,100,0,0
1989,Chiefs,24,72.7,34,97.1,0,0
1989,Falcons,23,71.9,30,100,0,1
1989,Bills,23,76.7,46,97.9,0,0
1989,Rams,23,76.7,51,100,0,0
1989,Raiders,23,67.6,34,100,0,0
1989,Packers,22,78.6,42,100,0,0
1989,Buccaneers,22,78.6,33,94.3,0,0
1989,Colts,21,77.8,31,96.9,0,1
1989,Steelers,21,70,28,100,1,0
1989,Lions,20,95.2,36,100,0,0
1989,Saints,20,69,44,97.8,1,1
1989,Eagles,20,60.6,40,100,0,0
1989,Dolphins,19,73.1,38,97.4,1,1
1989,Cardinals,18,69.2,28,96.6,0,0
1989,Chargers,17,68,29,96.7,1,0
1989,Browns,16,66.7,40,100,0,0
1989,Bears,15,79,43,95.6,1,0
1989,Seahawks,15,60,27,100,1,0
1989,Bengals,14,70,50,96.2,0,0
1989,Jets,14,66.7,29,96.7,0,0
1989,Cowboys,10,50,24,96,1,0
1990,Chiefs,34,91.9,37,97.4,0,0
1990,Redskins,30,75,41,100,0,0
1990,Bears,26,70.3,36,97.3,0,1
1990,Broncos,25,73.5,34,94.4,0,0
1990,Vikings,25,89.3,38,100,0,0
1990,49ers,24,66.7,39,100,0,0
1990,Packers,23,76.7,28,96.6,1,0
1990,Jets,23,88.5,32,100,0,1
1990,Seahawks,23,71.9,33,97.1,0,0
1990,Buccaneers,23,85.2,27,100,0,0
1990,Falcons,22,66.7,40,100,1,1
1990,Oilers,21,65.6,46,93.9,0,0
1990,Dolphins,21,84,37,100,0,0
1990,Saints,21,77.8,29,100,0,0
1990,Giants,21,75,38,97.4,0,1
1990,Eagles,21,72.4,45,93.8,0,0
1990,Chargers,21,75,34,94.4,0,2
1990,Bills,20,69,50,96.2,0,0
1990,Steelers,20,80,32,100,0,1
1990,Cowboys,18,72,26,100,1,0
1990,Bengals,17,77.3,41,93.2,0,1
1990,Lions,17,65.4,46,100,0,0
1990,Colts,17,70.8,32,97,0,0
1990,Cardinals,17,63,31,100,0,0
1990,Patriots,16,72.7,19,100,0,0
1990,Rams,15,62.5,42,97.7,1,0
1990,Raiders,15,75,40,95.2,0,0
1990,Browns,14,70,24,88.9,2,0
1991,Dolphins,33,84.6,34,97.1,0,0
1991,Redskins,31,72.1,56,100,0,2
1991,Jets,30,69.8,32,100,0,0
1991,Raiders,29,85.3,29,96.7,0,1
1991,Eagles,28,84.8,27,93.1,0,0
1991,Cowboys,27,69.2,37,100,1,1
1991,Broncos,27,75,31,96.9,0,0
1991,Chiefs,25,83.3,35,100,0,0
1991,Saints,25,78.1,38,100,0,0
1991,Seahawks,25,80.6,27,96.4,0,1
1991,Bengals,24,75,27,100,0,1
1991,Giants,24,77.4,29,96.7,0,1
1991,Oilers,23,74.2,41,91.1,0,0
1991,Steelers,23,69.7,31,100,0,1
1991,Falcons,21,80.8,40,97.6,1,0
1991,Cardinals,21,70,19,100,0,0
1991,Patriots,20,69,19,90.5,1,0
1991,Bears,19,65.5,32,94.1,0,0
1991,Lions,19,67.9,40,100,0,1
1991,Chargers,19,65.5,31,100,1,0
1991,Bills,18,62.1,56,96.6,1,0
1991,Packers,18,75,31,100,1,0
1991,Rams,17,100,25,96.2,0,0
1991,Vikings,17,70.8,34,97.1,0,0
1991,Browns,16,72.7,33,97.1,0,0
1991,Colts,15,57.7,14,100,1,0
1991,Buccaneers,15,75,22,100,0,0
1991,49ers,14,50,49,98,1,0
1992,Dolphins,30,81.1,34,94.4,0,0
1992,Redskins,30,75,30,100,0,2
1992,Saints,29,85.3,33,97.1,0,0
1992,Steelers,28,77.8,29,93.6,0,1
1992,Chargers,26,81.2,35,100,0,0
1992,Bills,24,80,43,97.7,0,0
1992,Cowboys,24,68.6,47,97.9,0,2
1992,Chiefs,23,92,39,100,0,2
1992,Packers,22,75.9,30,100,0,1
1992,Browns,21,72.4,29,96.7,0,1
1992,Lions,21,80.8,30,100,1,1
1992,Oilers,21,77.8,41,100,0,0
1992,Broncos,20,80,28,100,0,0
1992,Bears,19,73.1,34,100,1,0
1992,Bengals,19,67.9,31,100,0,1
1992,Vikings,19,76,45,100,0,0
1992,Jets,19,63.3,23,100,0,0
1992,Falcons,18,81.8,39,100,2,0
1992,Giants,18,78.3,36,100,1,0
1992,49ers,18,66.7,53,98.2,0,1
1992,Colts,16,55.2,24,100,0,2
1992,Eagles,16,64,40,90.9,0,1
1992,Rams,15,75,38,100,0,2
1992,Raiders,15,57.7,28,100,0,0
1992,Seahawks,14,63.6,14,100,0,0
1992,Cardinals,13,50,28,96.6,0,0
1992,Buccaneers,12,54.6,33,100,0,0
1992,Patriots,11,64.7,22,91.7,1,0
1993,Raiders,35,79.6,27,93.1,0,1
1993,Lions,34,79.1,28,100,1,0
1993,Packers,31,83.8,35,100,1,0
1993,Chargers,31,77.5,31,93.9,0,0
1993,Cowboys,30,81.1,40,97.6,0,2
1993,Oilers,29,85.3,39,97.5,0,0
1993,Saints,28,80,33,100,1,2
1993,Steelers,28,93.3,32,100,0,0
1993,Bears,27,75,21,95.4,0,0
1993,Falcons,26,96.3,34,100,1,0
1993,Broncos,26,74.3,41,97.6,0,0
1993,Colts,26,83.9,15,93.8,0,0
1993,Vikings,26,74.3,27,96.4,0,0
1993,Giants,26,76.5,28,96.6,0,1
1993,Bengals,24,77.4,13,81.2,0,0
1993,Dolphins,24,75,37,100,0,2
1993,Bills,23,71.9,36,97.3,0,1
1993,Chiefs,23,79.3,37,100,0,0
1993,Seahawks,23,82.1,29,100,0,0
1993,Cardinals,21,75,37,100,0,1
1993,Patriots,19,61.3,25,100,0,0
1993,Jets,17,65.4,31,100,0,0
1993,Browns,16,72.7,36,100,0,3
1993,Rams,16,69.6,23,92,0,0
1993,Eagles,16,69.6,31,88.6,0,0
1993,49ers,16,61.5,59,96.7,0,1
1993,Buccaneers,16,72.7,27,100,0,0
1993,Redskins,16,57.1,24,92.3,0,0
1994,Vikings,34,87.2,30,100,0,0
1994,Chargers,34,89.5,33,100,2,2
1994,Broncos,30,81.1,29,100,0,0
1994,Bengals,28,84.8,24,96,0,1
1994,Saints,28,71.8,32,100,2,0
1994,Patriots,27,77.1,36,100,0,0
1994,Browns,26,92.9,32,100,1,2
1994,Chiefs,25,83.3,30,100,1,0
1994,Bills,24,85.7,38,100,0,0
1994,Dolphins,24,77.4,35,100,0,0
1994,Steelers,24,82.8,32,100,0,0
1994,Buccaneers,23,65.7,20,100,0,1
1994,Cowboys,22,75.9,48,100,1,1
1994,Raiders,22,78.6,31,100,0,0
1994,Giants,22,78.6,27,96.4,0,2
1994,Cardinals,22,73.3,21,100,0,0
1994,Falcons,21,84,32,100,0,0
1994,Bears,21,72.4,24,100,0,1
1994,Eagles,21,84,33,100,1,0
1994,Jets,20,87,26,96.3,0,0
1994,Seahawks,20,83.3,25,96.2,1,0
1994,Redskins,20,71.4,30,93.8,0,2
1994,Packers,19,73.1,41,95.4,1,1
1994,Lions,18,66.7,39,97.5,4,0
1994,Rams,18,78.3,28,100,0,1
1994,Oilers,16,80,18,100,0,1
1994,Colts,16,66.7,37,100,1,1
1994,49ers,15,75,60,96.8,1,0
1995,Steelers,34,82.9,39,100,0,1
1995,Falcons,33,82.5,29,96.7,0,1
1995,Bills,31,77.5,33,94.3,0,0
1995,Broncos,31,81.6,39,100,0,0
1995,Cardinals,30,76.9,19,100,0,0
1995,Bengals,29,80.6,34,100,0,0
1995,Browns,29,87.9,26,100,0,1
1995,Lions,28,82.4,48,100,0,0
1995,Cowboys,27,96.4,46,95.8,0,0
1995,Oilers,27,87.1,33,100,0,0
1995,Dolphins,27,79.4,37,100,0,0
1995,Redskins,27,75,33,100,0,1
1995,Panthers,26,78.8,27,96.4,0,1
1995,Vikings,26,72.2,44,100,0,1
1995,Chiefs,24,80,34,91.9,2,1
1995,Bears,23,74.2,45,100,0,0
1995,Colts,23,69.7,34,100,1,0
1995,Patriots,23,69.7,27,100,0,0
1995,Seahawks,23,82.1,40,100,0,1
1995,Eagles,22,73.3,32,97,1,0
1995,Raiders,21,77.8,39,97.5,1,0
1995,Chargers,21,80.8,32,97,2,1
1995,Packers,20,71.4,48,100,0,0
1995,Jaguars,20,74.1,27,96.4,1,0
1995,Saints,20,64.5,27,93.1,0,0
1995,Giants,20,71.4,28,100,1,0
1995,49ers,20,71.4,51,94.4,0,1
1995,Buccaneers,19,73.1,25,100,0,0
1995,Rams,17,60.7,30,96.8,0,0
1995,Jets,17,81,24,100,0,0
1996,Panthers,37,82.2,34,97.1,1,1
1996,Colts,36,90,27,100,1,0
1996,Cowboys,32,88.9,24,96,0,0
1996,Oilers,32,84.2,35,100,0,0
1996,Jaguars,30,83.3,27,100,0,0
1996,49ers,30,88.2,40,100,0,0
1996,Chargers,29,80.6,31,100,0,1
1996,Seahawks,28,82.4,27,100,0,1
1996,Patriots,27,77.1,39,92.9,0,1
1996,Redskins,26,81.2,40,100,0,0
1996,Eagles,25,86.2,40,100,2,0
1996,Buccaneers,25,78.1,18,94.7,0,1
1996,Bills,24,82.8,33,100,1,0
1996,Raiders,24,77.4,36,100,0,0
1996,Giants,24,88.9,22,100,0,2
1996,Bears,23,76.7,26,100,0,0
1996,Bengals,23,82.1,41,100,1,0
1996,Cardinals,23,74.2,29,93.6,0,0
1996,Steelers,23,76.7,37,100,1,0
1996,Falcons,22,75.9,31,100,0,0
1996,Vikings,22,75.9,30,100,0,1
1996,Broncos,21,75,46,100,0,0
1996,Packers,21,77.8,51,96.2,1,3
1996,Rams,21,84,30,96.8,0,2
1996,Saints,21,84,18,100,0,0
1996,Ravens,19,76,34,97.1,0,0
1996,Dolphins,18,62.1,35,97.2,0,0
1996,Chiefs,17,70.8,34,100,1,0
1996,Jets,17,70.8,26,96.3,0,0
1996,Lions,12,70.6,36,100,0,0
1997,Cowboys,34,89.5,24,100,0,1
1997,Colts,32,78,21,100,0,0
1997,Jaguars,31,86.1,41,100,1,0
1997,49ers,29,80.6,38,100,1,1
1997,Broncos,28,71.8,50,100,0,3
1997,Dolphins,28,77.8,33,100,0,0
1997,Jets,28,68.3,36,100,2,1
1997,Oilers,27,77.1,32,100,0,0
1997,Ravens,26,76.5,32,100,0,2
1997,Lions,26,89.7,39,97.5,0,0
1997,Chiefs,26,96.3,35,97.2,1,1
1997,Chargers,26,83.9,26,96.3,1,3
1997,Rams,25,67.6,32,100,0,0
1997,Patriots,25,86.2,40,100,1,0
1997,Bills,24,80,21,100,0,0
1997,Packers,24,80,48,100,0,0
1997,Falcons,23,85.2,35,100,2,0
1997,Saints,23,85.2,22,100,1,0
1997,Panthers,22,84.6,25,100,0,0
1997,Giants,22,68.8,27,93.1,0,1
1997,Eagles,22,71,33,100,1,0
1997,Steelers,22,88,40,100,1,0
1997,Seahawks,22,78.6,37,100,0,0
1997,Bears,21,80.8,20,100,0,0
1997,Vikings,19,70.4,33,97.1,0,0
1997,Cardinals,19,65.5,28,96.6,0,0
1997,Redskins,16,66.7,39,100,1,1
1997,Raiders,13,59.1,33,94.3,0,0
1997,Buccaneers,13,76.5,32,91.4,0,1
1997,Bengals,12,75,41,95.4,1,0
1998,Oilers,36,90,28,100,0,0
1998,Vikings,35,100,59,100,1,0
1998,Bills,33,80.5,41,100,0,0
1998,Patriots,31,79.5,32,100,0,0
1998,Cowboys,29,82.9,40,100,0,2
1998,Lions,29,87.9,27,93.1,2,0
1998,Packers,29,87.9,41,95.4,2,1
1998,Colts,27,87.1,23,100,0,0
1998,Chiefs,27,84.4,34,100,0,0
1998,Steelers,26,81.2,23,100,0,0
1998,Chargers,26,86.7,19,100,0,0
1998,Jets,25,71.4,45,97.8,0,0
1998,Falcons,23,82.1,51,98.1,1,0
1998,Broncos,23,85.2,58,98.3,1,0
1998,Cardinals,23,69.7,36,100,0,0
1998,Dolphins,22,81.5,33,97.1,0,0
1998,Ravens,21,75,24,100,2,2
1998,Bears,21,80.8,27,96.4,2,1
1998,Jaguars,21,80.8,45,100,0,1
1998,Giants,21,77.8,32,100,1,0
1998,Buccaneers,21,75,29,96.7,0,2
1998,Rams,20,76.9,25,96.2,1,1
1998,Saints,20,90.9,31,100,1,0
1998,Panthers,19,73.1,35,94.6,1,0
1998,Bengals,19,70.4,21,100,1,1
1998,Seahawks,19,79.2,41,100,1,2
1998,49ers,18,66.7,49,96.1,0,1
1998,Raiders,17,63,31,100,0,2
1998,Eagles,14,66.7,15,88.2,0,0
1998,Redskins,13,56.5,36,97.3,1,0
1999,Dolphins,39,84.8,27,100,0,0
1999,Colts,34,89.5,43,100,1,1
1999,Seahawks,34,85,32,100,0,1
1999,Jaguars,31,81.6,37,100,1,1
1999,Chargers,31,86.1,22,95.6,0,0
1999,Broncos,29,80.6,29,100,0,1
1999,Ravens,28,84.8,32,100,0,0
1999,Jets,27,81.8,27,93.1,0,0
1999,Buccaneers,27,84.4,25,100,0,0
1999,Lions,26,81.2,28,96.6,0,1
1999,Patriots,26,78.8,29,96.7,0,0
1999,Bills,25,73.5,33,100,1,0
1999,Panthers,25,89.3,46,97.9,2,0
1999,Packers,25,83.3,38,100,1,0
1999,Raiders,25,65.8,43,100,0,0
1999,Giants,25,83.3,28,100,0,1
1999,Steelers,25,86.2,30,96.8,0,0
1999,Saints,24,82.8,20,95.2,0,0
1999,Redskins,22,68.8,49,98,1,0
1999,Titans,21,84,43,100,0,1
1999,Chiefs,21,75,45,100,0,2
1999,Eagles,21,67.7,27,100,1,0
1999,49ers,21,91.3,30,96.8,0,0
1999,Rams,20,71.4,64,100,2,1
1999,Bears,19,55.9,27,96.4,0,0
1999,Cowboys,19,61.3,41,100,0,1
1999,Vikings,19,63.3,46,100,2,1
1999,Cardinals,19,70.4,26,100,0,0
1999,Bengals,18,66.7,27,100,1,2
1999,Falcons,15,71.4,34,100,0,2
1999,Browns,8,66.7,23,95.8,0,0
2000,Ravens,35,89.7,30,100,0,2
2000,Packers,33,86.8,32,100,1,0
2000,Panthers,31,88.6,29,100,1,1
2000,Jaguars,29,87.9,38,100,0,0
2000,Eagles,29,87.9,34,94.4,1,1
2000,Dolphins,28,90.3,33,97.1,0,1
2000,Buccaneers,28,82.4,42,100,0,1
2000,Titans,27,79.4,37,97.4,0,1
2000,Patriots,27,81.8,25,100,0,1
2000,Bills,26,74.3,31,100,0,0
2000,Broncos,26,76.5,53,100,1,0
2000,Falcons,25,80.6,23,100,3,1
2000,Cowboys,25,75.8,27,100,0,2
2000,Colts,25,92.6,46,100,0,0
2000,Steelers,25,83.3,32,97,1,1
2000,Lions,24,80,29,100,0,1
2000,Rams,24,88.9,58,100,1,1
2000,Raiders,23,67.6,56,100,1,0
2000,Saints,23,79.3,37,100,0,0
2000,Jets,23,67.6,32,100,1,0
2000,Vikings,22,95.6,45,100,0,0
2000,Bears,21,77.8,21,100,0,0
2000,Seahawks,21,80.8,33,100,1,0
2000,Redskins,20,66.7,27,93.1,0,0
2000,Giants,19,76,37,100,1,0
2000,Chargers,18,72,27,100,1,0
2000,Chiefs,17,70.8,40,100,0,0
2000,Cardinals,16,69.6,18,94.7,1,0
2000,49ers,15,68.2,43,95.6,0,0
2000,Browns,14,82.4,17,100,0,0
2000,Bengals,12,57.1,21,100,0,1
2001,Broncos,31,86.1,31,100,0,1
2001,Ravens,30,85.7,25,100,0,0
2001,Steelers,30,68.2,34,91.9,0,0
2001,Chargers,30,69.8,32,100,2,1
2001,Falcons,29,78.4,28,100,1,0
2001,Colts,28,82.4,41,97.6,1,1
2001,Buccaneers,28,80,30,100,0,1
2001,Chiefs,27,77.1,27,96.4,0,0
2001,Saints,27,87.1,32,100,0,0
2001,Bears,26,83.9,34,100,0,0
2001,Raiders,26,81.2,43,97.7,1,1
2001,Eagles,26,83.9,37,97.4,1,0
2001,Redskins,26,78.8,22,100,0,1
2001,Patriots,24,80,41,97.6,0,2
2001,Jets,24,77.4,32,100,0,0
2001,Panthers,23,82.1,22,95.6,2,1
2001,Rams,23,79.3,58,100,0,0
2001,Giants,23,76.7,29,96.7,0,0
2001,Browns,22,88,29,96.7,0,0
2001,Cowboys,22,66.7,24,100,0,1
2001,Lions,21,70,23,100,0,0
2001,Cardinals,21,80.8,32,100,0,0
2001,Packers,20,64.5,44,97.8,0,1
2001,Titans,20,71.4,34,97.1,1,0
2001,Seahawks,20,62.5,33,100,0,0
2001,Dolphins,19,90.5,39,97.5,0,0
2001,Bills,18,62.1,23,95.8,0,1
2001,Jaguars,18,64.3,30,93.8,1,0
2001,49ers,18,72,47,100,0,0
2001,Bengals,17,60.7,23,95.8,0,0
2001,Vikings,15,83.3,29,96.7,0,0
2002,Falcons,32,80,42,97.7,1,0
2002,Buccaneers,32,82,32,100,0,1
2002,Saints,31,88.6,37,100,2,1
2002,Eagles,30,88.2,43,100,0,1
2002,Steelers,29,72.5,35,94.6,1,0
2002,Packers,28,82.4,44,100,0,0
2002,Patriots,27,90,36,100,2,0
2002,Broncos,26,72.2,42,97.7,0,0
2002,Raiders,26,78.8,50,100,1,2
2002,Giants,26,81.2,30,93.8,0,0
2002,49ers,26,72.2,39,100,0,1
2002,Bills,25,75.8,40,100,1,0
2002,Titans,25,80.6,36,100,0,0
2002,Dolphins,24,77.4,42,97.7,0,0
2002,Jets,24,77.4,35,94.6,2,2
2002,Lions,23,82.1,31,100,0,2
2002,Colts,23,74.2,34,100,0,0
2002,Chiefs,23,85.2,54,100,1,2
2002,Vikings,23,79.3,41,93.2,0,0
2002,Seahawks,23,79.3,38,100,1,1
2002,Bears,22,78.6,29,100,0,0
2002,Browns,22,78.6,34,97.1,1,2
2002,Ravens,21,80.8,33,100,0,1
2002,Jaguars,19,70.4,33,100,0,1
2002,Rams,19,76,37,100,0,1
2002,Chargers,18,69.2,35,97.2,0,0
2002,Texans,17,70.8,20,100,0,1
2002,Redskins,16,64,33,97.1,0,1
2002,Panthers,15,60,29,100,0,2
2002,Bengals,15,83.3,30,93.8,1,0
2002,Cardinals,15,71.4,29,100,1,0
2002,Cowboys,12,63.2,25,100,2,0
2003,Rams,39,92.9,46,100,0,0
2003,Colts,37,100,46,100,0,0
2003,Ravens,34,85,35,100,0,0
2003,Panthers,32,84.2,29,96.7,1,1
2003,Titans,32,86.5,43,97.7,0,1
2003,Broncos,28,87.5,41,100,0,2
2003,Jets,27,84.4,24,100,1,0
2003,Bears,26,72.2,27,100,2,1
2003,49ers,26,70.3,38,92.7,1,0
2003,Patriots,25,73.5,37,97.4,1,0
2003,Redskins,25,75.8,26,96.3,1,0
2003,Eagles,24,82.8,42,100,0,2
2003,Browns,23,82.1,23,95.8,0,0
2003,Cowboys,23,79.3,30,96.8,1,0
2003,Packers,23,88.5,51,100,0,0
2003,Steelers,23,71.9,31,96.9,0,2
2003,Bengals,22,88,40,100,0,1
2003,Lions,22,95.6,26,96.3,1,2
2003,Raiders,22,88,28,96.6,1,2
2003,Dolphins,22,75.9,33,97.1,0,0
2003,Saints,22,73.3,36,97.3,0,0
2003,Seahawks,22,73.3,48,100,0,1
2003,Jaguars,20,60.6,30,100,0,0
2003,Giants,20,74.1,23,100,0,0
2003,Falcons,19,70.4,32,97,0,1
2003,Texans,18,81.8,27,100,0,0
2003,Vikings,18,72,48,100,0,0
2003,Cardinals,18,69.2,19,95,1,0
2003,Bills,17,70.8,24,100,0,0
2003,Chiefs,16,80,58,98.3,2,2
2003,Buccaneers,16,61.5,33,97.1,0,0
2003,Chargers,15,75,36,100,0,0
2004,Patriots,31,93.9,48,100,1,0
2004,Ravens,29,90.6,30,100,0,2
2004,Broncos,29,85.3,42,100,0,0
2004,Steelers,28,84.8,40,100,0,0
2004,Bengals,27,87.1,41,100,0,0
2004,Eagles,27,84.4,41,97.6,0,0
2004,Raiders,25,89.3,31,96.9,0,0
2004,Bills,24,85.7,45,100,3,2
2004,Browns,24,82.8,28,100,1,0
2004,Lions,24,85.7,28,100,2,2
2004,Packers,24,85.7,48,100,0,0
2004,Jaguars,24,77.4,21,100,0,0
2004,Jets,24,82.8,33,97.1,1,0
2004,Seahawks,23,92,40,100,0,0
2004,Saints,22,81.5,38,100,2,0
2004,Giants,22,78.6,33,100,2,0
2004,Cardinals,22,75.9,28,100,0,0
2004,Panthers,20,80,39,97.5,0,0
2004,Cowboys,20,76.9,31,100,0,0
2004,Colts,20,76.9,64,98.5,1,0
2004,Chargers,20,80,54,98.2,1,0
2004,Titans,19,70.4,39,100,0,0
2004,Rams,19,79.2,32,100,0,0
2004,Dolphins,19,82.6,26,96.3,1,0
2004,Redskins,19,70.4,25,100,0,0
2004,Falcons,18,78.3,40,100,0,1
2004,Vikings,18,81.8,45,100,0,1
2004,49ers,18,81.8,23,100,0,1
2004,Texans,17,70.8,34,100,0,0
2004,Chiefs,17,73.9,58,96.7,2,0
2004,Bears,15,62.5,22,100,0,1
2004,Buccaneers,15,62.5,32,97,0,1
2005,Cardinals,43,95.6,20,100,0,0
2005,Giants,35,83.3,43,100,1,1
2005,Ravens,30,85.7,23,100,0,0
2005,Bills,29,82.9,26,100,1,0
2005,Bengals,28,87.5,47,100,0,0
2005,Browns,27,93.1,19,90.5,1,1
2005,Chiefs,27,81.8,44,97.8,1,0
2005,Rams,27,87.1,36,100,1,0
2005,Panthers,26,76.5,43,97.7,0,0
2005,Texans,26,76.5,24,100,2,0
2005,49ers,26,89.7,21,100,0,1
2005,Dolphins,25,83.3,33,100,0,0
2005,Vikings,25,73.5,31,100,1,1
2005,Saints,25,78.1,22,100,0,0
2005,Falcons,24,88.9,35,100,0,0
2005,Broncos,24,75,43,97.7,0,0
2005,Steelers,24,82.8,45,100,0,2
2005,Titans,23,79.3,30,93.8,0,1
2005,Colts,23,88.5,52,100,0,0
2005,Jaguars,23,76.7,38,97.4,1,0
2005,Bears,22,71,26,96.3,0,1
2005,Jets,22,78.6,24,100,1,0
2005,Eagles,22,75.9,32,97,0,0
2005,Buccaneers,22,81.5,32,100,0,0
2005,Chargers,21,87.5,49,100,0,0
2005,Cowboys,20,71.4,35,97.2,0,0
2005,Packers,20,74.1,30,96.8,0,1
2005,Raiders,20,66.7,30,100,0,0
2005,Patriots,20,80,41,97.6,0,0
2005,Lions,19,79.2,27,96.4,0,0
2005,Seahawks,18,72,56,98.2,0,0
2005,Redskins,17,81,42,100,2,0
2006,Bears,32,88.9,47,100,2,3
2006,Rams,32,86.5,35,100,0,0
2006,Lions,29,87.9,30,100,0,0
2006,49ers,29,82.9,29,100,0,0
2006,Ravens,28,93.3,37,100,0,0
2006,Cardinals,28,75.7,32,100,1,0
2006,Broncos,27,93.1,34,100,0,0
2006,Packers,26,74.3,31,96.9,0,0
2006,Colts,26,89.7,47,97.9,0,1
2006,Jaguars,26,81.2,41,100,1,0
2006,Dolphins,26,72.2,22,100,0,0
2006,Chargers,26,89.7,58,100,0,0
2006,Bengals,25,83.3,40,95.2,0,0
2006,Seahawks,25,80.6,36,100,0,1
2006,Panthers,24,88.9,28,100,0,0
2006,Chiefs,24,77.4,35,97.2,0,1
2006,Jets,24,88.9,34,97.1,2,0
2006,Falcons,23,71.9,31,100,0,0
2006,Bills,23,92,33,100,0,1
2006,Saints,23,88.5,46,97.9,0,1
2006,Giants,23,85.2,38,100,0,0
2006,Titans,22,78.6,32,100,0,3
2006,Redskins,22,73.3,31,100,1,1
2006,Browns,21,72.4,24,100,1,0
2006,Vikings,21,84,27,96.4,0,1
2006,Cowboys,20,71.4,49,100,0,1
2006,Patriots,20,76.9,43,97.7,1,0
2006,Steelers,20,74.1,38,100,0,1
2006,Texans,19,76,26,96.3,0,0
2006,Raiders,18,72,16,100,0,0
2006,Eagles,18,78.3,48,100,0,0
2006,Buccaneers,17,77.3,22,95.6,0,0
2007,Titans,35,89.7,28,100,0,0
2007,Bears,31,86.1,33,100,2,4
2007,Bengals,31,91.2,37,97.4,1,0
2007,Packers,31,79.5,48,100,0,2
2007,Lions,29,82.9,35,97.2,1,0
2007,Jets,29,80.6,23,95.8,3,0
2007,Redskins,29,82.9,29,96.7,0,0
2007,Seahawks,28,82.4,43,100,2,1
2007,Buccaneers,28,84.8,34,100,1,0
2007,Ravens,27,84.4,26,100,1,2
2007,Broncos,27,87.1,33,100,0,1
2007,Falcons,26,76.5,25,100,0,0
2007,Browns,26,86.7,42,97.7,2,1
2007,Cowboys,26,83.9,53,100,0,0
2007,Texans,25,86.2,40,100,4,0
2007,Bills,24,88.9,24,100,1,1
2007,Panthers,24,85.7,27,100,0,0
2007,Rams,24,75,25,100,0,1
2007,Eagles,24,75,36,100,0,0
2007,Chargers,24,88.9,46,100,1,1
2007,Colts,23,79.3,49,96.1,0,1
2007,Raiders,23,71.9,28,100,0,0
2007,Giants,23,85.2,40,95.2,1,0
2007,Steelers,23,92,44,100,1,0
2007,Jaguars,21,87.5,46,95.8,1,0
2007,Dolphins,21,91.3,26,100,0,1
2007,Patriots,21,87.5,74,100,2,0
2007,Cardinals,21,70,47,97.9,0,1
2007,Vikings,20,83.3,39,97.5,1,0
2007,Chiefs,19,70.4,21,100,0,0
2007,Niners,17,89.5,22,100,0,0
2007,Saints,15,68.2,42,100,0,0
2008,Patriots,36,90,40,100,1,0
2008,Giants,36,92.3,41,100,0,0
2008,Eagles,33,82.5,45,100,1,1
2008,Buccaneers,32,84.2,35,97.2,1,1
2008,Rams,31,86.1,19,100,0,0
2008,Bills,30,79,34,100,1,1
2008,Browns,30,83.3,18,100,1,0
2008,Falcons,29,93.6,42,100,0,1
2008,Titans,29,87.9,40,100,0,0
2008,Texans,29,87.9,37,100,0,2
2008,Vikings,29,85.3,40,100,0,1
2008,Niners,29,87.9,34,100,1,0
2008,Ravens,28,80,41,100,0,0
2008,Panthers,28,90.3,46,100,0,0
2008,Packers,27,79.4,46,100,0,2
2008,Steelers,27,87.1,36,97.3,0,0
2008,Chargers,27,84.4,46,100,1,0
2008,Bears,26,89.7,41,100,1,0
2008,Redskins,26,72.2,25,100,0,1
2008,Broncos,25,73.5,39,97.5,0,0
2008,Cardinals,25,89.3,44,100,1,0
2008,Raiders,24,80,25,96.2,2,3
2008,Jets,24,82.8,41,100,1,0
2008,Seahawks,24,88.9,30,100,0,0
2008,Bengals,22,88,18,100,0,0
2008,Saints,22,81.5,53,98.2,0,3
2008,Lions,21,95.4,25,96.2,0,0
2008,Dolphins,21,84,40,100,0,0
2008,Cowboys,20,90.9,42,100,1,0
2008,Colts,20,80,43,100,0,0
2008,Jaguars,19,76,33,100,0,0
2008,Chiefs,16,72.7,31,100,0,0
2009,Eagles,32,86.5,43,95.6,0,2
2009,Chargers,32,91.4,50,98,0,1
2009,Broncos,30,85.7,32,100,1,1
2009,Jets,30,83.3,32,100,1,0
2009,Bills,28,84.8,24,100,0,0
2009,Packers,27,75,48,98,0,0
2009,Titans,27,84.4,37,100,0,0
2009,Giants,27,84.4,45,100,0,1
2009,Steelers,27,87.1,41,100,0,0
2009,Raiders,26,89.7,17,100,0,0
2009,Vikings,26,92.9,54,98.2,2,0
2009,Patriots,26,83.9,47,100,0,0
2009,Chiefs,25,86.2,29,100,1,0
2009,Dolphins,25,89.3,37,97.4,2,0
2009,Bears,24,85.7,33,100,1,1
2009,Seahawks,24,92.3,28,100,0,0
2009,Bengals,23,82.1,28,96.6,1,0
2009,Browns,23,92,22,95.6,3,1
2009,Panthers,22,81.5,31,96.9,0,0
2009,Saints,22,78.6,60,95.2,1,0
2009,Redskins,22,88,26,92.9,0,0
2009,Ravens,21,70,46,97.9,1,0
2009,Lions,21,75,25,100,0,0
2009,Texans,21,65.6,43,97.7,1,0
2009,Cowboys,20,64.5,41,100,0,2
2009,Falcons,19,65.5,42,97.7,0,0
2009,Rams,19,79.2,16,100,0,0
2009,Niners,19,79.2,39,100,0,0
2009,Jaguars,18,64.3,30,96.8,0,0
2009,Cardinals,18,94.7,45,97.8,1,0
2009,Colts,16,80,50,98,1,0
2009,Buccaneers,16,61.5,24,100,1,1
2010,Rams,33,84.6,26,96.3,0,0
2010,Raiders,33,80.5,43,100,3,0
2010,Eagles,32,84.2,47,100,0,1
2010,Dolphins,30,73.2,25,100,0,0
2010,Jets,30,76.9,37,100,2,0
2010,Steelers,29,78.4,38,100,1,0
2010,Falcons,28,90.3,44,100,1,1
2010,Texans,27,90,43,100,0,0
2010,Chargers,27,81.8,48,100,0,0
2010,Ravens,26,89.7,39,100,1,0
2010,Colts,26,92.9,51,100,1,0
2010,Panthers,25,86.2,17,100,0,0
2010,Bears,25,83.3,35,100,0,3
2010,Lions,25,83.3,35,97.2,1,0
2010,Saints,25,80.6,43,100,0,0
2010,Seahawks,25,83.3,31,100,3,0
2010,Bengals,24,77.4,30,93.8,0,0
2010,Cowboys,24,75,42,95.4,0,3
2010,Titans,24,92.3,38,100,1,1
2010,Cardinals,24,88.9,29,100,2,0
2010,Redskins,24,68.6,28,100,1,0
2010,Browns,23,82.1,28,100,0,0
2010,Buccaneers,23,82.1,36,100,1,0
2010,Broncos,22,88,38,97.4,1,0
2010,Packers,22,78.6,46,100,0,0
2010,Jaguars,22,78.6,41,100,0,1
2010,Patriots,22,88,62,96.9,2,1
2010,Niners,22,81.5,33,100,0,1
2010,Chiefs,20,76.9,42,100,0,1
2010,Giants,19,82.6,47,100,0,0
2010,Vikings,17,94.4,30,96.8,1,0
2010,Bills,16,76.2,31,96.9,1,0
2011,Niners,44,84.6,34,100,1,1
2011,Bengals,33,86.8,33,97.1,0,1
2011,Dolphins,33,84.6,32,100,0,0
2011,Cowboys,32,86.5,39,100,0,0
2011,Texans,32,84.2,39,97.5,0,1
2011,Raiders,31,88.6,36,100,1,0
2011,Redskins,31,75.6,25,96.2,0,0
2011,Ravens,30,76.9,40,100,0,1
2011,Titans,29,90.6,34,100,1,1
2011,Bears,28,87.5,37,100,1,2
2011,Patriots,28,84.8,59,100,0,1
2011,Saints,28,82.4,63,100,0,1
2011,Chargers,28,80,44,97.8,1,0
2011,Falcons,27,93.1,45,100,0,0
2011,Buccaneers,26,92.9,23,100,0,0
2011,Seahawks,25,83.3,34,100,0,0
2011,Browns,24,82.8,20,100,0,1
2011,Lions,24,82.8,54,100,0,0
2011,Packers,24,85.7,68,98.6,1,1
2011,Chiefs,24,80,20,100,0,0
2011,Eagles,24,88.9,46,100,0,0
2011,Bills,23,74.2,41,100,0,1
2011,Colts,23,85.2,24,100,0,0
2011,Jaguars,23,92,24,100,0,0
2011,Steelers,23,74.2,36,100,0,1
2011,Panthers,22,78.6,44,97.8,1,0
2011,Vikings,22,78.6,38,97.4,1,0
2011,Rams,21,75,18,100,0,1
2011,Broncos,19,76,30,100,0,2
2011,Giants,19,79.2,43,100,0,0
2011,Jets,19,76,44,100,1,0
2011,Cardinals,19,79.2,33,100,0,4
2012,Vikings,35,92.1,36,100,1,1
2012,Falcons,33,86.8,44,100,0,0
2012,Giants,33,84.6,46,100,1,0
2012,Lions,32,88.9,38,100,0,0
2012,Texans,31,81.6,45,100,0,0
2012,Raiders,31,91.2,25,100,0,0
2012,Ravens,30,90.9,42,100,2,1
2012,Bengals,30,85.7,43,100,0,1
2012,Browns,29,93.6,29,100,0,1
2012,Cowboys,29,93.6,37,100,0,1
2012,Patriots,29,82.9,66,100,1,1
2012,Niners,29,69,44,100,0,0
2012,Chiefs,28,82.4,17,100,0,0
2012,Steelers,28,90.3,34,100,0,0
2012,Buccaneers,28,84.8,39,100,0,0
2012,Bears,27,81.8,40,100,0,0
2012,Eagles,27,87.1,25,96.2,0,1
2012,Broncos,26,81.2,55,100,1,1
2012,Colts,26,78.8,37,100,1,1
2012,Titans,25,80.6,35,100,1,3
2012,Jaguars,25,89.3,18,94.7,0,0
2012,Cardinals,25,89.3,25,100,0,0
2012,Chargers,25,92.6,39,100,1,1
2012,Seahawks,24,88.9,46,95.8,1,0
2012,Redskins,24,80,50,98,0,0
2012,Rams,23,74.2,26,100,0,0
2012,Dolphins,23,76.7,29,100,1,1
2012,Bills,21,87.5,39,100,1,2
2012,Packers,21,63.6,50,100,0,1
2012,Jets,21,77.8,30,100,1,1
2012,Saints,18,81.8,57,100,0,0
2012,Panthers,16,76.2,43,97.7,0,0
2013,Ravens,38,92.7,26,100,1,1
2013,Patriots,38,92.7,44,100,0,0
2013,Colts,35,87.5,34,100,0,0
2013,Chargers,34,91.9,42,100,0,0
2013,Bills,33,91.7,32,100,0,0
2013,Packers,33,89.2,42,100,0,1
2013,Jets,33,91.7,27,100,0,0
2013,Seahawks,33,94.3,44,100,0,0
2013,Niners,32,88.9,44,100,0,0
2013,Cardinals,30,83.3,37,100,0,0
2013,Steelers,30,93.8,39,100,0,1
2013,Cowboys,28,93.3,47,100,0,1
2013,Bears,26,89.7,45,97.8,0,1
2013,Texans,26,74.3,26,100,0,1
2013,Rams,26,92.9,34,100,0,1
2013,Dolphins,26,76.5,33,100,0,0
2013,Vikings,26,86.7,43,97.7,2,1
2013,Broncos,25,96.2,75,100,1,1
2013,Titans,25,86.2,41,100,0,0
2013,Falcons,24,88.9,39,100,0,0
2013,Panthers,24,88.9,42,100,0,0
2013,Saints,24,75,48,100,0,0
2013,Jaguars,23,92,22,95.6,0,0
2013,Giants,23,88.5,31,100,0,0
2013,Eagles,23,82.1,45,100,0,0
2013,Buccaneers,23,79.3,31,100,0,0
2013,Chiefs,22,78.6,52,100,2,2
2013,Browns,21,80.8,33,100,0,1
2013,Raiders,21,70,37,100,0,0
2013,Redskins,21,80.8,33,100,0,0
2013,Lions,19,79.2,42,97.7,1,1
2013,Bengals,18,81.8,52,98.1,0,0
2014,Patriots,35,94.6,51,100,0,1
2014,Bills,34,89.5,31,96.9,1,1
2014,Jets,32,82,23,100,0,0
2014,Eagles,32,88.9,54,100,2,2
2014,Seahawks,31,83.8,41,100,0,0
2014,Texans,30,85.7,40,100,0,0
2014,Colts,30,96.8,50,100,0,0
2014,Falcons,29,90.6,40,100,0,1
2014,Ravens,29,85.3,42,100,1,0
2014,Panthers,29,82.9,34,100,0,1
2014,Dolphins,29,78.4,41,100,0,0
2014,Cardinals,29,87.9,27,100,0,1
2014,Steelers,29,90.6,45,100,0,1
2014,Packers,27,81.8,53,96.4,0,2
2014,Bengals,26,78.8,39,100,0,0
2014,Vikings,26,74.3,29,100,0,0
2014,Browns,25,78.1,30,100,0,0
2014,Cowboys,25,86.2,56,100,0,0
2014,Lions,25,65.8,32,100,0,0
2014,Chiefs,25,83.3,38,100,1,1
2014,Niners,25,80.6,33,100,0,0
2014,Broncos,24,82.8,56,100,0,0
2014,Rams,24,80,34,97.1,0,2
2014,Giants,24,92.3,44,100,0,0
2014,Redskins,24,88.9,31,96.9,0,0
2014,Chargers,22,84.6,40,100,0,0
2014,Jaguars,20,76.9,23,100,0,0
2014,Buccaneers,20,83.3,31,100,0,0
2014,Titans,19,86.4,27,100,0,0
2014,Raiders,19,86.4,28,100,0,0
2014,Saints,19,86.4,46,97.9,0,0
2014,Bears,12,75,33,94.3,1,0
2015,Steelers,35,83.3,32,94.1,0,1
2015,Vikings,34,87.2,33,89.2,2,1
2015,Ravens,33,82.5,29,100,0,1
2015,Bears,33,84.6,28,96.6,0,0
2015,Patriots,33,91.7,52,100,0,0
2015,Panthers,30,83.3,56,94.9,0,0
2015,Cowboys,30,93.8,25,100,0,0
2015,Broncos,30,85.7,35,97.2,0,1
2015,Chiefs,30,81.1,39,95.1,0,0
2015,Giants,30,93.8,44,97.8,1,1
2015,Seahawks,29,93.6,40,90.9,1,1
2015,Buccaneers,29,72.5,31,91.2,0,0
2015,Browns,28,87.5,22,91.7,0,1
2015,Cardinals,28,90.3,53,91.4,1,0
2015,Jets,27,81.8,42,97.7,0,0
2015,Jaguars,26,86.7,32,82,0,1
2015,Chargers,26,81.2,28,87.5,0,0
2015,Redskins,26,86.7,40,97.6,2,0
2015,Falcons,25,80.6,34,100,0,0
2015,Colts,25,92.6,32,91.4,0,0
2015,Packers,24,85.7,36,100,0,0
2015,Niners,24,88.9,20,95.2,0,0
2015,Bills,23,85.2,34,85,0,0
2015,Bengals,23,82.1,48,98,0,0
2015,Texans,23,85.2,32,88.9,0,0
2015,Lions,22,91.7,36,92.3,0,0
2015,Rams,21,67.7,27,93.1,0,1
2015,Raiders,21,80.8,38,97.4,0,0
2015,Eagles,21,80.8,42,95.4,0,2
2015,Saints,18,69.2,44,95.6,0,1
2015,Titans,14,87.5,29,93.6,0,0
2015,Dolphins,13,81.2,33,91.7,0,1
2016,Ravens,38,97.4,27,100,0,0
2016,Texans,35,85.4,22,88,0,1
2016,Eagles,35,85.4,30,96.8,2,0
2016,Falcons,34,91.9,56,98.2,0,0
2016,Redskins,34,81,36,92.3,0,1
2016,Seahawks,33,89.2,29,82.9,0,0
2016,Lions,31,86.1,31,93.9,0,2
2016,Chiefs,31,88.6,36,92.3,1,2
2016,Panthers,30,79,31,91.2,0,0
2016,Broncos,29,85.3,32,97,0,0
2016,Raiders,29,82.9,37,94.9,0,0
2016,Bengals,28,80,29,82.9,0,0
2016,Saints,28,82.4,49,98,0,0
2016,Cowboys,27,84.4,46,100,0,0
2016,Colts,27,87.1,44,100,1,0
2016,Jaguars,27,79.4,29,90.6,1,0
2016,Vikings,27,87.1,26,78.8,1,2
2016,Patriots,27,84.4,46,93.9,0,0
2016,Jets,27,87.1,24,92.3,0,0
2016,Packers,26,86.7,44,93.6,0,0
2016,Chargers,26,81.2,42,91.3,0,0
2016,Steelers,24,85.7,37,100,0,0
2016,Titans,22,91.7,39,95.1,0,0
2016,Buccaneers,22,71,32,94.1,0,0
2016,Browns,21,77.8,23,92,0,0
2016,Giants,21,95.4,31,88.6,0,0
2016,Cardinals,21,75,43,91.5,0,0
2016,Bills,19,76,40,88.9,0,0
2016,Rams,19,86.4,23,100,0,0
2016,Bears,18,78.3,31,96.9,0,1
2016,49ers,18,85.7,33,97.1,0,0
2016,Dolphins,16,76.2,41,97.6,1,1
2017,Chiefs,41,91.1,40,100,0,1
2017,Rams,40,93,48,94.1,1,0
2017,49ers,39,95.1,28,93.3,0,0
2017,Patriots,37,92.5,45,95.7,1,0
2017,Titans,35,83.3,31,93.9,0,0
2017,Steelers,35,92.1,37,94.9,1,0
2017,Falcons,34,87.2,35,100,0,0
2017,Ravens,34,91.9,39,100,1,1
2017,Vikings,32,84.2,34,87.2,0,0
2017,Cardinals,32,80,23,88.5,0,0
2017,Saints,31,86.1,47,94,1,0
2017,Lions,30,85.7,40,97.6,0,2
2017,Jaguars,30,85.7,37,90.2,0,1
2017,Bills,29,87.9,29,100,0,0
2017,Panthers,29,96.7,34,91.9,1,1
2017,Colts,29,85.3,22,91.7,0,0
2017,Eagles,29,85.3,40,90.9,0,0
2017,Jets,25,83.3,29,100,0,0
2017,Buccaneers,25,73.5,28,90.3,0,0
2017,Broncos,24,75,27,100,0,0
2017,Redskins,24,85.7,36,92.3,0,0
2017,Cowboys,22,75.9,36,92.3,0,1
2017,Dolphins,21,91.3,26,89.7,0,0
2017,Seahawks,21,72.4,37,97.4,1,0
2017,Texans,20,80,32,91.4,0,0
2017,Chargers,20,66.7,37,88.1,0,1
2017,Bengals,18,90,32,94.1,0,0
2017,Giants,18,72,20,87,0,0
2017,Bears,16,72.7,26,92.9,0,2
2017,Raiders,16,76.2,33,97.1,0,0
2017,Browns,15,75,25,96.2,0,0
2017,Packers,15,79,33,94.3,0,0
2018,Texans,37,88.1,39,95.1,0,0
2018,Ravens,35,89.7,36,97.3,0,1
2018,Rams,34,82.9,51,96.2,0,0
2018,Jets,33,91.7,30,90.9,1,1
2018,49ers,33,97.1,27,93.1,1,0
2018,Giants,32,97,31,96.9,0,0
2018,Packers,30,81.1,34,94.4,0,0
2018,Cowboys,29,80.6,32,97,0,0
2018,Lions,28,87.5,30,100,0,0
2018,Saints,28,93.3,52,98.1,0,0
2018,Raiders,27,84.4,27,96.4,0,1
2018,Patriots,27,84.4,49,98,1,0
2018,Titans,26,86.7,28,90.3,1,0
2018,Eagles,26,83.9,33,94.3,0,0
2018,Redskins,26,89.7,25,96.2,0,0
2018,Falcons,25,96.2,41,95.4,0,0
2018,Chiefs,24,88.9,65,94.2,0,1
2018,Chargers,24,82.8,36,83.7,0,1
2018,Bears,23,76.7,42,93.3,0,0
2018,Colts,23,85.2,44,93.6,0,0
2018,Jaguars,23,88.5,22,95.6,0,1
2018,Bills,22,78.6,25,96.2,0,0
2018,Vikings,22,68.8,36,97.3,0,0
2018,Seahawks,22,81.5,48,94.1,0,0
2018,Broncos,20,80,35,100,0,0
2018,Buccaneers,20,74.1,40,90.9,0,0
2018,Panthers,19,90.5,37,90.2,0,0
2018,Bengals,19,82.6,39,95.1,0,0
2018,Browns,19,76,28,82.4,0,0
2018,Dolphins,18,90,35,97.2,1,1
2018,Steelers,16,69.6,44,89.8,0,0
2018,Cardinals,12,70.6,23,95.8,0,0
2019,Chiefs,34,89.5,45,93.8,1,0
2019,Jaguars,33,97.1,19,95,0,0
2019,Falcons,32,80,29,93.6,0,1
2019,Saints,32,88.9,48,98,0,1
2019,Cardinals,31,88.6,34,97.1,0,0
2019,Cowboys,30,75,46,100,0,0
2019,49ers,30,76.9,49,98,0,0
2019,Broncos,29,85.3,25,96.2,0,0
2019,Steelers,29,93.6,28,100,0,1
2019,Ravens,28,96.6,57,96.6,0,0
2019,Bengals,27,87.1,24,96,1,0
2019,Vikings,27,93.1,40,90.9,0,0
2019,Patriots,27,79.4,39,86.7,0,0
2019,Buccaneers,27,77.1,43,89.6,0,0
2019,Lions,26,83.9,35,97.2,1,1
2019,Chargers,26,76.5,35,100,0,1
2019,Panthers,25,78.1,31,88.6,0,0
2019,Browns,25,86.2,30,85.7,0,0
2019,Redskins,25,83.3,21,95.4,1,0
2019,Rams,24,72.7,42,100,0,0
2019,Bears,23,82.1,27,93.1,1,0
2019,Dolphins,23,76.7,29,96.7,1,0
2019,Seahawks,23,82.1,40,90.9,0,0
2019,Bills,22,78.6,30,93.8,1,0
2019,Packers,22,91.7,40,97.6,0,0
2019,Colts,22,71,33,84.6,0,2
2019,Eagles,22,84.6,35,94.6,0,0
2019,Texans,20,80,40,88.9,0,0
2019,Raiders,19,73.1,34,94.4,0,0
2019,Jets,19,67.9,23,85.2,0,0
2019,Giants,12,70.6,35,89.7,0,0
2019,Titans,8,44.4,50,96.2,0,0
2020,Falcons,38,95,34,89.5,0,0
2020,Dolphins,36,92.3,36,100,0,1
2020,Cowboys,34,82.9,33,91.7,1,0
2020,Raiders,33,94.3,45,95.7,0,0
2020,Colts,32,86.5,43,95.6,1,0
2020,Giants,31,96.9,21,91.3,0,0
2020,Bears,30,93.8,36,97.3,1,0
2020,Panthers,29,80.6,33,91.7,0,0
2020,Bills,28,82.4,57,96.6,0,1
2020,Broncos,28,80,25,83.3,0,1
2020,Buccaneers,28,90.3,52,91.2,0,0
2020,Bengals,27,79.4,32,97,1,0
2020,Texans,27,87.1,37,92.5,0,0
2020,Football Team,27,79.4,30,93.8,0,0
2020,Ravens,26,89.7,52,98.1,1,0
2020,Patriots,26,92.9,30,90.9,0,1
2020,Chiefs,25,92.6,48,88.9,1,1
2020,Rams,24,80,38,90.5,0,0
2020,Chargers,24,72.7,36,92.3,0,0
2020,Seahawks,24,100,49,92.4,0,0
2020,Saints,23,82.1,57,98.3,0,0
2020,Cardinals,23,76.7,45,97.8,0,0
2020,Steelers,23,95.8,41,91.1,0,0
2020,49ers,22,84.6,38,95,0,0
2020,Lions,21,75,38,92.7,0,1
2020,Jets,21,75,20,83.3,0,0
2020,Titans,20,71.4,51,96.2,1,0
2020,Browns,19,79.2,43,89.6,0,0
2020,Jaguars,18,72,24,85.7,0,1
2020,Packers,16,100,59,93.6,0,0
2020,Vikings,15,68.2,37,86,0,0
2020,Eagles,14,73.7,24,92.3,0,1
2021,Raiders,40,93,30,90.9,0,0
2021,Patriots,36,92.3,42,89.4,0,0
2021,Steelers,36,90,27,93.1,0,0
2021,Ravens,35,94.6,32,100,0,0
2021,Vikings,33,86.8,36,90,2,0
2021,Rams,32,94.1,48,98,0,1
2021,Eagles,30,90.9,44,100,0,0
2021,Cardinals,30,81.1,47,95.9,0,0
2021,Bengals,29,85.3,47,95.9,0,0
2021,Cowboys,29,82.9,47,88.7,1,0
2021,Colts,29,82.9,46,97.9,0,0
2021,Giants,29,87.9,17,100,0,0
2021,Bills,28,87.5,51,100,0,0
2021,Chiefs,28,87.5,50,94.3,0,0
2021,Football Team,28,84.8,25,86.2,1,0
2021,Falcons,27,93.1,30,100,0,0
2021,49ers,27,84.4,42,91.3,0,0
2021,Panthers,26,89.7,26,92.9,0,0
2021,Bears,26,86.7,27,96.4,0,1
2021,Broncos,26,83.9,33,97.1,0,0
2021,Lions,26,86.7,27,96.4,0,0
2021,Titans,26,81.2,43,91.5,0,0
2021,Packers,25,73.5,49,96.1,0,0
2021,Saints,25,83.3,31,81.6,0,0
2021,Buccaneers,25,80.6,56,94.9,0,0
2021,Chargers,24,88.9,40,85.1,1,0
2021,Dolphins,23,74.2,34,97.1,0,0
2021,Texans,21,77.8,25,86.2,1,0
2021,Jaguars,21,77.8,18,81.8,1,0
2021,Jets,21,77.8,23,85.2,1,0
2021,Seahawks,17,73.9,44,93.6,1,0
2021,Browns,16,72.7,37,94.9,0,0
2022,Ravens,37,86,31,96.9,1,0
2022,Raiders,34,91.9,35,97.2,0,0
2022,Seahawks,34,91.9,41,97.6,0,0
2022,Panthers,33,94.3,30,93.8,0,0
2022,Falcons,32,86.5,33,94.3,1,0
2022,Colts,32,82,23,100,0,0
2022,Patriots,32,86.5,32,91.4,0,1
2022,Chargers,31,93.9,40,100,0,0
2022,Buccaneers,31,81.6,24,96,0,0
2022,Jaguars,30,85.7,36,97.3,0,0
2022,Jets,30,81.1,28,96.6,0,0
2022,Cowboys,29,90.6,50,94.3,0,0
2022,Texans,29,93.6,24,100,0,0
2022,Giants,29,90.6,32,94.1,0,0
2022,Broncos,28,77.8,25,92.6,0,0
2022,Rams,28,93.3,31,96.9,0,0
2022,Steelers,28,73.7,22,100,0,0
2022,Bills,27,87.1,48,96,2,0
2022,49ers,27,84.4,51,96.2,0,0
2022,Dolphins,26,81.2,41,93.2,0,0
2022,Vikings,26,78.8,40,87,1,0
2022,Cardinals,26,86.7,21,87.5,0,0
2022,Bears,25,92.6,27,84.4,0,0
2022,Packers,25,86.2,37,94.9,1,0
2022,Commanders,25,83.3,24,85.7,0,0
2022,Bengals,24,82.8,40,90.9,0,0
2022,Browns,24,75,35,94.6,0,1
2022,Lions,24,80,47,95.9,0,1
2022,Saints,23,74.2,33,100,0,0
2022,Eagles,22,88,53,96.4,0,0
2022,Chiefs,21,75,42,89.4,0,0
2022,Titans,20,83.3,32,97,0,0
2023,49ers,21,84,60,98.4,0,0
2023,Bears,35,92.1,31,93.9,0,0
2023,Bengals,26,83.9,40,100,0,1
2023,Bills,24,82.8,49,98,0,1
2023,Broncos,30,88.2,29,93.6,1,0
2023,Browns,34,91.9,30,90.9,0,0
2023,Buccaneers,29,93.6,33,100,0,0
2023,Cardinals,28,84.8,22,95.6,0,0
2023,Chargers,31,93.9,35,100,0,1
2023,Chiefs,33,94.3,38,100,0,0
2023,Colts,33,80.5,35,97.2,0,0
2023,Commanders,19,79.2,32,91.4,0,0
2023,Cowboys,36,94.7,49,94.2,0,0
2023,Dolphins,24,85.7,58,98.3,0,0
2023,Eagles,30,93.8,45,97.8,0,0
2023,Falcons,32,86.5,27,96.4,0,0
2023,Giants,22,71,24,96,0,1
2023,Jaguars,30,81.1,35,100,0,0
2023,Jets,36,92.3,16,94.1,0,1
2023,Lions,19,90.5,48,92.3,0,0
2023,Packers,27,81.8,34,87.2,0,0
2023,Panthers,25,83.3,17,85,0,1
2023,Patriots,16,64,24,96,1,0
2023,Raiders,26,86.7,32,100,0,0
2023,Rams,32,74.4,32,86.5,0,0
2023,Ravens,32,86.5,51,98.1,0,1
2023,Saints,30,81.1,40,100,0,1
2023,Seahawks,35,83.3,33,100,0,0
2023,Steelers,29,93.6,27,96.4,0,0
2023,Texans,34,89.5,31,93.9,2,0
2023,Titans,29,96.7,28,93.3,0,0
2023,Vikings,24,80,36,94.7,0,0
